app_guid,app_legacy_id,app_name,scan_url,scan_date,module
9cf4df81-d5cd-494e-9a16-6f07e0c52048,29453,Hadoop,StaticOverview:14212:29453:4974139:4956482:4972320,2019-09-16T17:00:54.000Z,hadoop-0.9.1.jar
a4d2f35a-537f-4dfd-b1f0-c9374a436090,29455,Metamail,StaticOverview:14212:29455:39291:29123:34855,2011-12-21T15:17:09.000Z,metamail.dwarf2
195afab6-2776-4eac-9721-344e9f8214f8,29456,Open SSH,StaticOverview:14212:29456:39292:29124:34857,2011-12-21T15:17:34.000Z,sshd
64654fc7-38a6-47ae-9e6a-ff9f2887b49f,29457,Roller,,,roller-orig.war
8f161905-6906-4681-bfeb-2d8e85a9a427,29458,WebGoat,StaticOverview:14212:29458:4539956:4523474:4539195,2020-03-31T17:53:15.000Z,WebGoat-5.0-orig.war
2021a9b4-9e30-4072-8e01-fd1a578779ff,29459,midpssh-BB,StaticOverview:14212:29459:39295:29127:34860,2011-12-21T15:18:25.000Z,midpssh-bb.jar
816f5d5f-a279-43af-8e5f-415347ada8cb,29460,phpBB,StaticOverview:14212:29460:39296:29128:34861,2011-12-21T15:18:46.000Z,PHP files within phpBB3.zip
3ebf9a45-64ff-42b1-b2e1-1cd260a872ec,29461,Lunar Lander,StaticOverview:14212:29461:62289:52079:62225,2012-08-07T15:03:53.000Z,LunarLander.apk
46cd1e54-b14d-4a4b-b0a1-fd003711af07,29462,BlogEngine.NET,StaticOverview:14212:29462:6898641:6877244:6892307,2020-04-10T19:53:19.000Z,App_Code.dll
324745d4-1cbd-47ac-805c-bf8f1a54f7b9,29463,HSQLdb,StaticOverview:14212:29463:106876:96768:108490,2013-04-26T03:28:19.000Z,hsqldb.jar
6aa1f151-f570-440c-bd5b-8b4f79808015,29464,Apache,StaticOverview:14212:29464:39300:29132:34865,2011-12-21T15:20:43.000Z,httpd
e8dd3fd6-d744-4abd-aa51-e7ba310beb35,29465,Galleon,StaticOverview:14212:29465:74973:64678:76301,2012-11-15T20:04:30.000Z,galleon-2.2.0.war
f1357545-c326-4a1c-a0c4-6a4acedc0b9b,30538,iOS Traveler,StaticOverview:14212:30538:135972:124652:137322,2013-07-26T03:06:40.000Z,iosugly-20111103-03.ipa
6c96da18-ae69-44c9-aed9-4910c036b82e,30868,DVWA,StaticOverview:14212:30868:8821304:8772143:8787806,2020-09-04T17:21:54.000Z,PHP files within output.zip
6c96da18-ae69-44c9-aed9-4910c036b82e,30868,DVWA,StaticOverview:14212:30868:8821304:8772143:8787806,2020-09-04T17:21:54.000Z,output.zip_htmljscode.veracodegen.htmla.jsa
192c74ff-ba80-4ebb-8334-38727b1dd764,36673,Ruby app for 2012.4,StaticOverview:14212:36673:53963:43773:52271,2020-03-31T18:01:50.000Z,Ruby files within veracode-Crates-20120319163704.zip
21bc5743-5e72-4c96-b4f2-3d450828371b,40386,Pwk,StaticOverview:14212:40386:112727:102578:114232,2013-05-31T06:19:55.000Z,PHP files within piwik-1.8.2.zip
ff2c4744-02ec-42d0-a70a-43334d87945f,48769,Lunar Lander 2,StaticOverview:14212:48769:105463:95366:107088,2013-03-21T14:40:11.000Z,LunarLander.apk
4828b050-b2d5-42cc-b4a0-1ddfdecdc4d9,59472,wivet,StaticOverview:14212:59472:105490:95393:107115,2013-05-31T12:19:36.000Z,hsqldb.jar
ae5f5c1f-ce93-4e79-ba7d-c825c546cef3,63388,DVWA 2013.4,StaticOverview:14212:63388:1577044:116787:128875,2013-07-26T02:56:02.000Z,PHP files within DVWA-1.0.7.zip
d233595e-6ad0-48e9-b26d-eddaf1b9dc86,63711,My sample application 5/15,StaticOverview:14212:63711:117001:106815:118491,2013-05-31T06:22:39.000Z,iosugly-20111103-03.ipa
bbb57b89-e790-45c1-99c4-cdfe8f1d8c3c,65366,iOS autopublish test,StaticOverview:14212:65366:120650:110216:122100,2013-05-31T06:22:42.000Z,iosugly-20111103-03.ipa
a5de0a52-9d84-4c76-8d86-a4e5c578dbf4,65412,Webgoat test 2013.5,StaticOverview:14212:65412:120707:110273:122157,2013-06-28T02:55:09.000Z,WebGoat-5.0-with-jsp.war
f205cd3d-05b0-4b2a-aaea-32fa4fe7bd16,70965,Crates MVC4,StaticOverview:14212:70965:135984:124664:137334,2013-07-26T03:10:46.000Z,App_Web_edit.cshtml.330ce6.dll
6c15e2dc-31f2-4007-bdcc-f31eb17ae0ec,75071,Some Non-Debug,StaticOverview:14212:75071:148359:136299:149409,2013-08-30T13:45:27.000Z,TopLevel.exe
9c67e619-bb64-4e47-b9ea-21f90a57d8c7,75078,Some Non-Debug 2,StaticOverview:14212:75078:148386:136326:149436,2013-08-30T14:38:14.000Z,TopLevel.exe
dca61a35-2c4d-4536-b975-f01b9d8e1fec,86593,http://wackopicko.aws.veracodelabs.com,StaticOverview:14212:86593:1088469:160707:176497,2016-12-07T22:01:07.000Z,PHP files within WackoPicko-master.zip
dca61a35-2c4d-4536-b975-f01b9d8e1fec,86593,http://wackopicko.aws.veracodelabs.com,StaticOverview:14212:86593:1088469:160707:176497,2016-12-07T22:01:07.000Z,JS files within WackoPicko-master.zip
3363fee4-e4fd-4045-b1a5-1808ae24acee,86691,http://dvwa.aws.veracodelabs.com,StaticOverview:14212:86691:831390:161098:176888,2014-01-31T05:56:55.000Z,PHP files within DVWA-1.0.7.zip
93b5f82f-14b6-4702-8dc6-a7b6b23aa35d,91244,Javascans.jar,StaticOverview:14212:91244:198960:184126:199915,2014-01-31T06:13:06.000Z,javascans.jar
59bb633b-e3a7-40ea-9b74-645a53dbd879,91246,Another Javascans,StaticOverview:14212:91246:198962:184128:199917,2014-01-31T06:13:13.000Z,javascans.jar
3b78d450-3f81-44d2-bb2b-1fc0aca10ddb,221874,New garbage,StaticOverview:14212:221874:784598:773870:789620,2016-04-06T20:29:23.000Z,garbage
11c584c2-2022-4a4a-b9bb-681b5a9394ff,239300,PagePark,StaticOverview:14212:239300:903651:892860:908609,2016-08-02T18:31:42.000Z,JS files within pagePark-master.zip
f72bd227-3f21-4521-9542-e52489eb7752,239510,VeraDemo,StaticOverview:14212:239510:9749437:9724912:9740575,2020-11-23T21:53:25.000Z,verademo.war
f72bd227-3f21-4521-9542-e52489eb7752,239510,VeraDemo,StaticOverview:14212:239510:9749437:9724912:9740575,2020-11-23T21:53:25.000Z,verademo.war_htmljscode.veracodegen.htmla.jsa
d438eab8-6351-4bd4-b955-68af61515a39,240000,Petitions,StaticOverview:14212:240000:911123:900330:916079,2016-08-09T19:58:28.000Z,PHP files within petitions-7.x-3.x.zip
d438eab8-6351-4bd4-b955-68af61515a39,240000,Petitions,StaticOverview:14212:240000:911123:900330:916079,2016-08-09T19:58:28.000Z,JS files within petitions-7.x-3.x.zip
e88cb688-73a3-4b57-bf66-ad2c3c8b7110,240408,OWASP Benchmark,StaticOverview:14212:240408:9023531:8999095:9014758,2020-09-25T02:13:46.000Z,benchmark.war
e88cb688-73a3-4b57-bf66-ad2c3c8b7110,240408,OWASP Benchmark,StaticOverview:14212:240408:9023531:8999095:9014758,2020-09-25T02:13:46.000Z,benchmark.war_htmljscode.veracodegen.htmla.jsa
8ff4b53a-fbdc-4569-9037-fdbef39e1b58,244863,WIA,StaticOverview:14212:244863:946766:935963:951712,2016-09-09T20:53:39.000Z,FortifyEngine.jar
8ff4b53a-fbdc-4569-9037-fdbef39e1b58,244863,WIA,StaticOverview:14212:244863:946766:935963:951712,2016-09-09T20:53:39.000Z,CoreMonitors.jar
8ff4b53a-fbdc-4569-9037-fdbef39e1b58,244863,WIA,StaticOverview:14212:244863:946766:935963:951712,2016-09-09T20:53:39.000Z,FortifyBoot.jar
8ff4b53a-fbdc-4569-9037-fdbef39e1b58,244863,WIA,StaticOverview:14212:244863:946766:935963:951712,2016-09-09T20:53:39.000Z,NrtxFortifyAgent.jar
8ff4b53a-fbdc-4569-9037-fdbef39e1b58,244863,WIA,StaticOverview:14212:244863:946766:935963:951712,2016-09-09T20:53:39.000Z,MonitorApi.jar
8ff4b53a-fbdc-4569-9037-fdbef39e1b58,244863,WIA,StaticOverview:14212:244863:946766:935963:951712,2016-09-09T20:53:39.000Z,FortifyAgent.jar
e99d0e41-285d-4f1a-8467-d716ea25b34a,275407,Apache Fineract,StaticOverview:14212:275407:1062446:1051183:1066933,2016-11-17T13:12:58.000Z,fineract-provider.war
b1e8293c-a2a5-465e-94b0-f3473b4798a8,279294,WAVSEP,StaticOverview:14212:279294:1087787:1076516:1092266,2016-12-08T03:45:42.000Z,wavsep.war
3f20be4a-5a96-4711-a7d4-bbc390c9a544,281299,OWASP Juice Shop,StaticOverview:14212:281299:7993239:7970795:7985858,2020-07-09T12:53:08.000Z,JS files within output.zip
0418a854-7c22-4c6b-9fb5-bbbbdeb640e3,286535,annotation-1.0.jar,StaticOverview:14212:286535:1144104:1132192:1147942,2017-01-20T17:30:28.000Z,annotation-1.0.jar
68fc315b-ce02-4f1a-b14a-e7dab3cac7be,294648,VeraDemo-202x,StaticOverview:14212:294648:10014681:9989862:10005525,2020-12-14T15:17:44.000Z,verademo.war
68fc315b-ce02-4f1a-b14a-e7dab3cac7be,294648,VeraDemo-202x,StaticOverview:14212:294648:10014681:9989862:10005525,2020-12-14T15:17:44.000Z,verademo.war_htmljscode.veracodegen.htmla.jsa
3aa032fa-018a-4b4f-b176-fd8daf2f79f2,296843,iGoat 2017,StaticOverview:14212:296843:1246036:1233369:1249119,2017-03-21T13:23:06.000Z,iGoat.ipa
3aa032fa-018a-4b4f-b176-fd8daf2f79f2,296843,iGoat 2017,StaticOverview:14212:296843:1246036:1233369:1249119,2017-03-21T13:23:06.000Z,iGoat.ipa
7128b64f-e096-4637-842b-2bc53583e353,296966,Wordpress for Android,StaticOverview:14212:296966:3101690:3087711:3103463,2018-11-06T20:36:17.000Z,android-wordpress.apk
87f1de3e-2d73-4d9e-9a78-f2d25432609f,296967,iOS U Traveler 2017,StaticOverview:14212:296967:1246055:1233388:1249138,2017-03-21T13:32:41.000Z,Payload.ipa
1390de96-5751-4682-a3eb-592caff0cd8a,296969,Android: Clickin' To The Beat,StaticOverview:14212:296969:1246073:1233406:1249156,2017-03-21T13:40:04.000Z,CLiCkin2DaBeaT.apk
1390de96-5751-4682-a3eb-592caff0cd8a,296969,Android: Clickin' To The Beat,StaticOverview:14212:296969:1246073:1233406:1249156,2017-03-21T13:40:04.000Z,CLiCkin2DaBeaT.apk
d1111398-de7d-44da-b962-002c2bbf34e4,296970,iOS TaintCheck,StaticOverview:14212:296970:1246077:1233410:1249160,2017-03-21T13:46:32.000Z,Payload.ipa
bf6b387d-8cd2-403a-8aea-e1658eb565fa,296972,iOS CloudKitAtlas,StaticOverview:14212:296972:1246086:1233419:1249169,2017-03-21T13:50:25.000Z,Payload.ipa
bf6b387d-8cd2-403a-8aea-e1658eb565fa,296972,iOS CloudKitAtlas,StaticOverview:14212:296972:1246086:1233419:1249169,2017-03-21T13:50:25.000Z,Payload.ipa
73fe6d72-c73c-48e3-a260-4be142226c76,296973,iOS AccountLeaks,StaticOverview:14212:296973:1246088:1233421:1249171,2017-03-21T13:47:05.000Z,Payload.ipa
73fe6d72-c73c-48e3-a260-4be142226c76,296973,iOS AccountLeaks,StaticOverview:14212:296973:1246088:1233421:1249171,2017-03-21T13:47:05.000Z,Payload.ipa
93d24171-92c0-4de9-93c2-bd71688430ca,296974,iOS HelloGoodbye,StaticOverview:14212:296974:1246090:1233423:1249173,2017-03-21T13:50:19.000Z,payload.ipa
93d24171-92c0-4de9-93c2-bd71688430ca,296974,iOS HelloGoodbye,StaticOverview:14212:296974:1246090:1233423:1249173,2017-03-21T13:50:19.000Z,payload.ipa
c4dd3f3c-e5ea-4eaa-9757-44ccc061d78d,296975,Android Magna Carta,StaticOverview:14212:296975:2595251:2581604:2597354,2018-07-23T18:04:55.000Z,com.samsungmobileusa.magnacarta-1.apk
c4dd3f3c-e5ea-4eaa-9757-44ccc061d78d,296975,Android Magna Carta,StaticOverview:14212:296975:2595251:2581604:2597354,2018-07-23T18:04:55.000Z,com.samsungmobileusa.magnacarta-1.apk.jsa
495c3640-0ef2-4a9d-a381-dc3d4746325a,297024,iOS Behavioral Test Case,StaticOverview:14212:297024:1248244:1235576:1251326,2017-03-21T16:07:17.000Z,TestCWE319.ipa
495c3640-0ef2-4a9d-a381-dc3d4746325a,297024,iOS Behavioral Test Case,StaticOverview:14212:297024:1248244:1235576:1251326,2017-03-21T16:07:17.000Z,TestCWE319.ipa
205d01ad-10f1-4a57-88d6-d5f7005a106f,297029,iOS Behavioral Test Case 2,StaticOverview:14212:297029:1248309:1235641:1251391,2017-03-21T17:26:09.000Z,TestSpawn+Execvp.ipa
205d01ad-10f1-4a57-88d6-d5f7005a106f,297029,iOS Behavioral Test Case 2,StaticOverview:14212:297029:1248309:1235641:1251391,2017-03-21T17:26:09.000Z,TestSpawn+Execvp.ipa
87428b12-fb0e-4f5d-8184-d15e7c27e2c6,301001,VeraDemo 2017.3,StaticOverview:14212:301001:1283749:1271059:1286809,2017-04-12T12:57:41.000Z,verademo.war
806d7cf2-99dc-4ed2-8a48-a75cfcf68d26,301002,Webgoat 2017.3,StaticOverview:14212:301002:1283757:1271067:1286817,2017-04-12T13:07:10.000Z,WebGoat-5.0-orig.war
617e9ae9-a02d-4aea-aa4d-45ee6e4f9a56,304760,GatorMail,StaticOverview:14212:304760:5253527:5235204:5250565,2019-10-18T19:13:09.000Z,GatorMail-orig.war
d5ef55ae-7e92-467e-8688-e471b02bc398,314655,ScalaList,StaticOverview:14212:314655:1378282:1365496:1381246,2017-06-07T18:00:08.000Z,ImmutableList.jar
5cec436a-8404-4998-bf60-38bb88a3d323,315046,ScalaDPALambdaCallTest,StaticOverview:14212:315046:1379989:1367198:1382948,2017-06-08T13:04:20.000Z,test.jar
651a645d-7744-4a1e-ae77-67f8e1985e57,315052,ScalaFunction,StaticOverview:14212:315052:1380067:1367276:1383026,2017-06-08T14:02:53.000Z,test.jar
ea4701e4-4208-43aa-94d3-10d9e7b7f377,334995,Android Marshmallow Compatibility,StaticOverview:14212:334995:1531564:1518640:1534389,2017-08-28T18:47:58.000Z,app-debug.apk
ea4701e4-4208-43aa-94d3-10d9e7b7f377,334995,Android Marshmallow Compatibility,StaticOverview:14212:334995:1531564:1518640:1534389,2017-08-28T18:47:58.000Z,app-debug.apk
c746c126-b289-4cc2-a8d1-e19250d758a4,335380,Examples COBOL,StaticOverview:14212:335380:1536531:1523605:1539354,2017-08-30T18:28:51.000Z,examples_cobol_master.zip
a586a093-9e61-4488-81f8-183a2a6f231b,339074,DVWA 2017,StaticOverview:14212:339074:8793603:8769286:8784949,2020-09-04T13:49:54.000Z,PHP files within output.zip
a586a093-9e61-4488-81f8-183a2a6f231b,339074,DVWA 2017,StaticOverview:14212:339074:8793603:8769286:8784949,2020-09-04T13:49:54.000Z,output.zip_htmljscode.veracodegen.htmla.jsa
ab5e7a5f-8802-414c-bf67-95bb416acecd,339156,Wacko Picko,StaticOverview:14212:339156:7688374:7666072:7681135,2020-06-16T13:31:05.000Z,PHP files within output.zip
ab5e7a5f-8802-414c-bf67-95bb416acecd,339156,Wacko Picko,StaticOverview:14212:339156:7688374:7666072:7681135,2020-06-16T13:31:05.000Z,JS files within output.zip
a1608832-5090-41c4-a6ec-f23bf5451ab9,339157,Webgoat_6_2017-09-18-11:29:24,StaticOverview:14212:339157:1577780:1564837:1580587,2017-09-18T15:52:11.000Z,WebGoat-6.0.1.war
818dc47a-e445-4429-9fae-8b48757b3fac,339158,Webgoat_Legacy 2017-09-18-11:30:21,StaticOverview:14212:339158:1577784:1564841:1580591,2017-09-18T15:52:00.000Z,WebGoat-6.0.1.war
d25ff303-8dd1-49ed-b12e-9067fd88f757,345632,Sample App Demo,StaticOverview:14212:345632:7693010:7670605:7685668,2020-06-16T18:57:30.000Z,verademo.war
d25ff303-8dd1-49ed-b12e-9067fd88f757,345632,Sample App Demo,StaticOverview:14212:345632:7693010:7670605:7685668,2020-06-16T18:57:30.000Z,verademo.war_htmljscode.veracodegen.htmla.jsa
a1e14e7a-3ca9-45b1-adc7-85c63189bb74,361146,Test_app_for_QA,StaticOverview:14212:361146:1619920:1606956:1622706,2017-09-28T09:57:54.000Z,api.jar
0bbebc49-048d-461f-96f7-cc795487da0f,361497,Last_123,StaticOverview:14212:361497:1620905:1607941:1623691,2017-09-28T14:41:36.000Z,6flawsapp.jar
aef9df37-f662-4d87-89d4-530fb2600192,363514,RHP_01,StaticOverview:14212:363514:9031192:9006753:9022416,2020-09-25T14:43:57.000Z,verademo.war
aef9df37-f662-4d87-89d4-530fb2600192,363514,RHP_01,StaticOverview:14212:363514:9031192:9006753:9022416,2020-09-25T14:43:57.000Z,verademo.war_htmljscode.veracodegen.htmla.jsa
075db1a2-a1fb-4a8f-bd7b-b54ca9f4e713,377447,Sahan_2446,StaticOverview:14212:377447:2083774:2070420:2086169,2018-03-13T09:19:00.000Z,flawsapp.jar
f33ac47b-c542-4149-aea3-d0c6ee99e3bd,384428,Data_center_TEST,StaticOverview:14212:384428:1782058:1768932:1784682,2017-11-21T06:34:11.000Z,api.jar
3edff743-e008-4f51-98b7-89397ae5940c,393745,CSACC,StaticOverview:14212:393745:1901907:1888709:1904459,2018-01-11T13:23:20.000Z,4flawsapp.jar
0adea049-a121-433e-82f5-40de86da1f27,397008,CSCSACC,StaticOverview:14212:397008:1937625:1924389:1940139,2018-01-24T10:36:17.000Z,4flawsapp.jar
573d61a0-d74e-4ebb-8270-4d9a40332a86,397405,CSACC_Common,StaticOverview:14212:397405:1943093:1929857:1945607,2018-01-25T19:45:07.000Z,jira-plugin-common-3.7.0-SNAPSHOT.jar
cfb92634-2795-40a6-8063-faff5acc8d7f,397406,CSACC_Server,StaticOverview:14212:397406:1943107:1929871:1945621,2018-01-25T19:47:48.000Z,veracode-jira-flaws-synchronizer-3.8.0-SNAPSHOT.jar
19eb2b1f-e708-4d76-ab74-a7340496a05a,398408,VeraDemo.NET2018-02-01-10:36:35,StaticOverview:14212:398408:1961222:1947986:1963736,2018-02-01T15:49:18.000Z,App_Web__layout.cshtml.639c3968.dll
19eb2b1f-e708-4d76-ab74-a7340496a05a,398408,VeraDemo.NET2018-02-01-10:36:35,StaticOverview:14212:398408:1961222:1947986:1963736,2018-02-01T15:49:18.000Z,csc.exe
19eb2b1f-e708-4d76-ab74-a7340496a05a,398408,VeraDemo.NET2018-02-01-10:36:35,StaticOverview:14212:398408:1961222:1947986:1963736,2018-02-01T15:49:18.000Z,vbc.exe
19eb2b1f-e708-4d76-ab74-a7340496a05a,398408,VeraDemo.NET2018-02-01-10:36:35,StaticOverview:14212:398408:1961222:1947986:1963736,2018-02-01T15:49:18.000Z,VBCSCompiler.exe
19eb2b1f-e708-4d76-ab74-a7340496a05a,398408,VeraDemo.NET2018-02-01-10:36:35,StaticOverview:14212:398408:1961222:1947986:1963736,2018-02-01T15:49:18.000Z,Verademo-dotnet.dll
19eb2b1f-e708-4d76-ab74-a7340496a05a,398408,VeraDemo.NET2018-02-01-10:36:35,StaticOverview:14212:398408:1961222:1947986:1963736,2018-02-01T15:49:18.000Z,VBCSCompiler.exe
19eb2b1f-e708-4d76-ab74-a7340496a05a,398408,VeraDemo.NET2018-02-01-10:36:35,StaticOverview:14212:398408:1961222:1947986:1963736,2018-02-01T15:49:18.000Z,VBCSCompiler.exe
19eb2b1f-e708-4d76-ab74-a7340496a05a,398408,VeraDemo.NET2018-02-01-10:36:35,StaticOverview:14212:398408:1961222:1947986:1963736,2018-02-01T15:49:18.000Z,Verademo-dotnet.dll
19eb2b1f-e708-4d76-ab74-a7340496a05a,398408,VeraDemo.NET2018-02-01-10:36:35,StaticOverview:14212:398408:1961222:1947986:1963736,2018-02-01T15:49:18.000Z,vbc.exe
19eb2b1f-e708-4d76-ab74-a7340496a05a,398408,VeraDemo.NET2018-02-01-10:36:35,StaticOverview:14212:398408:1961222:1947986:1963736,2018-02-01T15:49:18.000Z,csc.exe
19eb2b1f-e708-4d76-ab74-a7340496a05a,398408,VeraDemo.NET2018-02-01-10:36:35,StaticOverview:14212:398408:1961222:1947986:1963736,2018-02-01T15:49:18.000Z,WG.exe
19eb2b1f-e708-4d76-ab74-a7340496a05a,398408,VeraDemo.NET2018-02-01-10:36:35,StaticOverview:14212:398408:1961222:1947986:1963736,2018-02-01T15:49:18.000Z,csc.exe
19eb2b1f-e708-4d76-ab74-a7340496a05a,398408,VeraDemo.NET2018-02-01-10:36:35,StaticOverview:14212:398408:1961222:1947986:1963736,2018-02-01T15:49:18.000Z,JS files within VerademoNET.zip
19eb2b1f-e708-4d76-ab74-a7340496a05a,398408,VeraDemo.NET2018-02-01-10:36:35,StaticOverview:14212:398408:1961222:1947986:1963736,2018-02-01T15:49:18.000Z,vbc.exe
19eb2b1f-e708-4d76-ab74-a7340496a05a,398408,VeraDemo.NET2018-02-01-10:36:35,StaticOverview:14212:398408:1961222:1947986:1963736,2018-02-01T15:49:18.000Z,Verademo-dotnet.dll
7f1011bc-10c1-4322-b13c-8a4b01e690ab,399873,testIssueTypeBug1518006074749,StaticOverview:14212:399873:1976873:1963634:1979384,2018-02-07T12:26:23.000Z,4flawsapp.jar
2d9fd600-6f1e-4d99-af28-4ef85b329d5a,404332,Sanboxtestapp,StaticOverview:14212:404332:2038909:2025571:2041320,2018-02-27T11:27:43.000Z,postgresql-8.1-408.jdbc3.jar
f6e9e6b5-044a-454d-a822-2f85f5462fe6,406252,sandbox_TEST_QA,StaticOverview:14212:406252:2073694:2060340:2076089,2018-03-09T04:33:48.000Z,postgresql-8.1-408.jdbc3.jar
63cdaeae-8870-42ce-a2c7-0462859a4feb,406260,policyscans,StaticOverview:14212:406260:2061718:2048364:2064113,2018-03-06T06:32:51.000Z,postgresql-8.1-408.jdbc3.jar
4b9a7270-092a-422a-add4-fa02559d4625,407525,12moncloud,StaticOverview:14212:407525:2101057:2087703:2103452,2018-03-19T04:07:14.000Z,postgresql-9.1-901-1.jdbc4.jar
5b7f277a-8d80-4a5c-b218-54f2c7210f0c,407571,Jira_Cloud_Center,StaticOverview:14212:407571:2124754:2111353:2127101,2018-03-23T10:13:14.000Z,catalina-manager.jar
0d1df559-4ad0-4648-9b9e-ec5b8a710c85,408886,19mon,StaticOverview:14212:408886:2101150:2087796:2103545,2018-03-19T05:23:46.000Z,postgresql-9.1-901-1.jdbc4.jar
4a9a085e-2dc2-469a-aec2-7508badd2d7a,411041,Cloud Test,StaticOverview:14212:411041:2178927:2165556:2181304,2018-04-10T13:22:25.000Z,APIWrapper.jar
5b6061b4-8827-4792-99ba-c42c5d2b3122,417992,JIRA-Cloud-Test-App,StaticOverview:14212:417992:2210513:2197138:2212886,2018-04-19T06:50:03.000Z,catalina-manager.jar
5b6061b4-8827-4792-99ba-c42c5d2b3122,417992,JIRA-Cloud-Test-App,StaticOverview:14212:417992:2210513:2197138:2212886,2018-04-19T06:50:03.000Z,javascans.jar
65adfc06-400a-4539-a147-76bddd0c2c44,420377,Automate12,StaticOverview:14212:420377:2235460:2222060:2237808,2018-04-26T09:05:58.000Z,postgresql-8.1-408.jdbc3.jar
fdd3d770-642e-4ab8-bbb1-88d0c9e79b79,428171,JiraImportAutomation,StaticOverview:14212:428171:2307117:2293713:2309461,2018-05-16T09:40:31.000Z,postgresql-8.1-408.jdbc3.jar
e04ea2f5-f396-4f39-97d1-13b31853cc82,428312,FSA VS,StaticOverview:14212:428312:2309563:2296160:2311908,2018-05-16T18:20:02.000Z,SecurityAssistant.StandaloneAspnetCodeGenerator.exe
e04ea2f5-f396-4f39-97d1-13b31853cc82,428312,FSA VS,StaticOverview:14212:428312:2309563:2296160:2311908,2018-05-16T18:20:02.000Z,IKVM.Runtime.dll
e04ea2f5-f396-4f39-97d1-13b31853cc82,428312,FSA VS,StaticOverview:14212:428312:2309563:2296160:2311908,2018-05-16T18:20:02.000Z,JS files within SecurityAssistant_18.10.330.0_signed.vsix.zip
224ce844-a3ff-41f0-b864-76a090d6cd3c,429427,JiraGloballimits,StaticOverview:14212:429427:2335113:2321725:2337473,2018-05-23T03:42:05.000Z,postgresql-8.1-408.jdbc3.jar
c75581ce-d330-46b5-aabb-68b6e86cbc5b,429579,S_AT_APP_1,StaticOverview:14212:429579:2390438:2377004:2392752,2018-06-06T02:09:43.000Z,9flawsapp.jar
9f11c3ce-0d22-4f0e-93c0-8ca1cbc63a95,429867,Sandnew,StaticOverview:14212:429867:2345076:2331647:2347395,2018-05-25T04:48:21.000Z,6flawsapp.jar
f433809b-ebfc-468a-94a9-d6da5e8d84b7,430053,S_AT_App_3,StaticOverview:14212:430053:2352491:2339079:2354827,2018-05-28T06:22:05.000Z,4flawsapp.jar
3c5f2e9d-73ac-4fc5-a66c-1cca16c1d2d9,430070,S_AT_App_2,StaticOverview:14212:430070:2352490:2339078:2354826,2018-05-28T06:20:44.000Z,4flawsapp.jar
3cd45f25-df33-4908-af38-36d692590149,430079,S_AT_App_4,StaticOverview:14212:430079:2353125:2339728:2355476,2018-05-28T09:59:04.000Z,4flawsapp.jar
88a83777-b1d1-44b0-a644-347321db4d62,430436,XMLRPC Node.js,StaticOverview:14212:430436:7688844:7666542:7681605,2020-06-16T13:38:49.000Z,JS files within output.zip
1a52da00-10f9-45a5-8322-edb3546a6812,432702,sandbox,StaticOverview:14212:432702:2372461:2359029:2374777,2018-06-01T07:41:45.000Z,6flawsapp.jar
0254254d-274d-4357-8991-c0b15070f976,434034,VeraDemo Github Pipeline,StaticOverview:14212:434034:8613100:8583452:8599115,2020-08-21T15:53:59.000Z,verademo.war
0254254d-274d-4357-8991-c0b15070f976,434034,VeraDemo Github Pipeline,StaticOverview:14212:434034:8613100:8583452:8599115,2020-08-21T15:53:59.000Z,verademo.war_htmljscode.veracodegen.htmla.jsa
473621b2-67df-488a-b78e-ab03da3b967e,442831,PSINT-2446,StaticOverview:14212:442831:2513427:2499783:2515531,2018-07-05T06:37:32.000Z,9flawsapp.jar
94a17724-5344-4510-9110-3fa539b06747,449692,Insomnia Plugin Pipeline,StaticOverview:14212:449692:2925048:2911120:2926873,2018-10-03T20:09:17.000Z,JS files within output.zip
9fe2e156-6c13-4870-8392-1954a99ba35b,467304,PSINT-0000,StaticOverview:14212:467304:2915744:2901821:2917574,2018-10-02T10:00:30.000Z,4flawsapp.jar
cc028195-aebd-47d7-8cc3-8129bc4bfe9e,471331,Thushara20k,StaticOverview:14212:471331:2994075:2980112:2995865,2018-10-17T10:11:47.000Z,20KFlaws.jar
f24430cc-2004-4528-8817-bf0545a16c6a,471332,Thushara20k-1,StaticOverview:14212:471332:2994086:2980123:2995876,2018-10-17T10:19:11.000Z,20KFlaws.jar
5dc16988-bbb5-4869-aad8-cf4bfed5901a,471333,Thushara20k-3,StaticOverview:14212:471333:2994091:2980148:2995901,2018-10-17T10:21:45.000Z,20KFlaws.jar
1ce2d559-a603-4c72-bba9-b2aeee41c3d4,471346,Thushara20k-2,StaticOverview:14212:471346:2994089:2980146:2995899,2018-10-17T10:19:21.000Z,20KFlaws.jar
7a802eaa-4606-4574-8341-1d4e02bb907b,471347,Thushara10k,StaticOverview:14212:471347:2994107:2980142:2995894,2018-10-17T10:16:34.000Z,10kflaws.jar
dc0e359e-6c75-42c6-af18-9f302f2f32b0,471348,Thushara10k-1,StaticOverview:14212:471348:2994111:2980166:2995898,2018-10-17T10:17:18.000Z,10kflaws.jar
74cbdf1b-8f64-49ae-a9e0-ab6d8fa2e42f,475186,Thushara50k,StaticOverview:14212:475186:3002727:2988761:3004513,2018-10-18T05:35:10.000Z,50000-flaws.jar
4fecce79-736a-4e54-983b-77fc0732e3fc,475339,SandboxOnlyApp,StaticOverview:14212:475339:3004272:2990346:3006058,2018-10-18T12:13:20.000Z,4flawsapp.jar
5b708232-3dce-4591-acb9-5bc3ebd8ecc5,479049,ServiceNowTestAutomation-Fri Oct 26 15:30:27 IST 2018,StaticOverview:14212:479049:3051204:3037217:3052970,2018-10-26T10:03:56.000Z,4flawsapp.jar
11ab0652-d7de-4094-8d58-a18da9e3f7b9,479050,ServiceNowTestAutomation-Fri Oct 26 15:31:20 IST 2018,StaticOverview:14212:479050:3051177:3037227:3052979,2018-10-26T10:03:53.000Z,4flawsapp.jar
064c1605-e689-45d2-a60d-14533acb3894,479051,ServiceNowTestAutomation-Fri Oct 26 15:38:20 IST 2018,StaticOverview:14212:479051:3051228:3037261:3053014,2018-10-26T10:10:16.000Z,4flawsapp.jar
ddd71299-0854-4a66-84fa-e85c74a6cd54,479067,ServiceNowTestAutomation-Fri Oct 26 15:32:44 IST 2018,StaticOverview:14212:479067:3051210:3037223:3052976,2018-10-26T10:05:24.000Z,4flawsapp.jar
3eaecf6b-797a-4c12-9f59-3487c0ec72c4,479068,ServiceNowTestAutomation-Fri Oct 26 15:34:47 IST 2018,StaticOverview:14212:479068:3051213:3037246:3052999,2018-10-26T10:07:09.000Z,4flawsapp.jar
19a34fef-ecda-4b2e-88e5-20db16d2285b,479383,ServiceNowTestAutomation-Mon Oct 29 18:25:51 IST 2018,StaticOverview:14212:479383:3061345:3047375:3063127,2018-10-29T15:56:09.000Z,4flawsapp.jar
08182624-8d1f-4581-b73a-53303c2e2959,479392,App_0_Flaws,StaticOverview:14212:479392:3061707:3047737:3063489,2018-10-29T19:16:16.000Z,aero-1.0-SNAPSHOT.jar
a1c92daf-5556-4ff1-aea6-83dbce655bb2,481608,4Flaws,StaticOverview:14212:481608:3223377:3209320:3225072,2018-12-06T11:05:57.000Z,4flawsapp.jar
dad260fa-86fb-481d-86e2-dc80c64381f0,483042,ServicenowTestAutomation-2018-11-13,StaticOverview:14212:483042:3129447:3115447:3131200,2018-11-13T10:51:50.000Z,4flawsapp.jar
75e3dfd4-0252-47a3-bd82-ff02adff24bf,483538,ServicenowTestAutomation-2018-11-14,StaticOverview:14212:483538:3244247:3230164:3245916,2018-12-06T09:26:29.000Z,6flawsapp.jar
97d71617-2c44-45a9-8dad-2e8e1e78ced9,489090,OkGoogle,StaticOverview:14212:489090:3385172:3371000:3386739,2019-01-09T15:13:53.000Z,4flawsapp.jar
43bce9d8-f900-45a2-b387-37d4c33bd4e7,547872,WebGoat.NET,StaticOverview:14212:547872:4223529:4207366:4223135,2019-05-31T13:38:56.000Z,DotNetGoat.dll
43bce9d8-f900-45a2-b387-37d4c33bd4e7,547872,WebGoat.NET,StaticOverview:14212:547872:4223529:4207366:4223135,2019-05-31T13:38:56.000Z,JS files within WebGoat.NET.zip
925efcef-c78d-4231-8b1c-bbca6e9e3bb3,612112,security-apisigning-java,StaticOverview:14212:612112:5242963:5224630:5239931,2019-10-17T18:56:13.000Z,security-apisigning-19.10.1-keysigningclient.jar
e31babf9-0dc5-4e13-b141-689e3530c467,612708,Benchmark,StaticOverview:14212:612708:5252928:5234582:5249929,2019-10-18T18:03:16.000Z,benchmark.war
f7dd9a10-5695-46b3-bd77-76c8ea082a92,759685,WebGoat with 404s,StaticOverview:14212:759685:6785349:6764205:6779268,2020-04-01T18:32:11.000Z,WebGoat-5.0-orig.war
4ffc1cf8-cc90-438a-962e-bb34e51f98e5,759689,JavaScans for 404,StaticOverview:14212:759689:6785382:6764238:6779301,2020-04-01T18:32:33.000Z,javascans.jar
22c386ec-8887-437f-9290-e36aa9a1a869,782639,PMKT NodeGoat,StaticOverview:14212:782639:7082422:7060961:7076024,2020-04-27T12:40:01.000Z,JS files within output.zip
38399ac2-99d6-4438-859f-a4892eefe339,782640,PMKT Serendipity,StaticOverview:14212:782640:7082428:7060967:7076030,2020-04-27T12:59:04.000Z,PHP files within output.zip
38399ac2-99d6-4438-859f-a4892eefe339,782640,PMKT Serendipity,StaticOverview:14212:782640:7082428:7060967:7076030,2020-04-27T12:59:04.000Z,JS files within output.zip
857d770c-5d5c-46c9-b9c6-46a0819e8d48,782645,PMKT Django 2.1 Personal Website,StaticOverview:14212:782645:7082372:7061094:7076157,2020-04-27T13:02:21.000Z,Python files within output.zip
857d770c-5d5c-46c9-b9c6-46a0819e8d48,782645,PMKT Django 2.1 Personal Website,StaticOverview:14212:782645:7082372:7061094:7076157,2020-04-27T13:02:21.000Z,JS files within output.zip
489fb0e5-1a07-4af9-85b3-f269ede63741,782652,PMKT DVWA,StaticOverview:14212:782652:7082332:7060854:7075917,2020-04-27T12:53:58.000Z,PHP files within output.zip
489fb0e5-1a07-4af9-85b3-f269ede63741,782652,PMKT DVWA,StaticOverview:14212:782652:7082332:7060854:7075917,2020-04-27T12:53:58.000Z,JS files within output.zip
54ea96a9-33a4-4391-85d2-c4bd7a1576f0,783919,PMKT RSSBandit,StaticOverview:14212:783919:7112273:7090802:7105865,2020-04-29T14:36:04.000Z,OneNoteImporter.dll
54ea96a9-33a4-4391-85d2-c4bd7a1576f0,783919,PMKT RSSBandit,StaticOverview:14212:783919:7112273:7090802:7105865,2020-04-29T14:36:04.000Z,RSSBandit.XmlSerializers.dll
54ea96a9-33a4-4391-85d2-c4bd7a1576f0,783919,PMKT RSSBandit,StaticOverview:14212:783919:7112273:7090802:7105865,2020-04-29T14:36:04.000Z,Cassini.dll
54ea96a9-33a4-4391-85d2-c4bd7a1576f0,783919,PMKT RSSBandit,StaticOverview:14212:783919:7112273:7090802:7105865,2020-04-29T14:36:04.000Z,Genghis.dll
54ea96a9-33a4-4391-85d2-c4bd7a1576f0,783919,PMKT RSSBandit,StaticOverview:14212:783919:7112273:7090802:7105865,2020-04-29T14:36:04.000Z,Highlighter.Net.dll
54ea96a9-33a4-4391-85d2-c4bd7a1576f0,783919,PMKT RSSBandit,StaticOverview:14212:783919:7112273:7090802:7105865,2020-04-29T14:36:04.000Z,DockingSuite.dll
54ea96a9-33a4-4391-85d2-c4bd7a1576f0,783919,PMKT RSSBandit,StaticOverview:14212:783919:7112273:7090802:7105865,2020-04-29T14:36:04.000Z,AdsBlocker.AddIn.dll
d2457f45-bbb2-4eaa-a3a6-5e2bf8b5458a,784136,PMKT drftpd-2.0.4,StaticOverview:14212:784136:7099944:7078460:7093523,2020-04-28T17:01:17.000Z,slave-nodebug.jar
d2457f45-bbb2-4eaa-a3a6-5e2bf8b5458a,784136,PMKT drftpd-2.0.4,StaticOverview:14212:784136:7099944:7078460:7093523,2020-04-28T17:01:17.000Z,slave-old.jar
d2457f45-bbb2-4eaa-a3a6-5e2bf8b5458a,784136,PMKT drftpd-2.0.4,StaticOverview:14212:784136:7099944:7078460:7093523,2020-04-28T17:01:17.000Z,wrapper.jar
d2457f45-bbb2-4eaa-a3a6-5e2bf8b5458a,784136,PMKT drftpd-2.0.4,StaticOverview:14212:784136:7099944:7078460:7093523,2020-04-28T17:01:17.000Z,JSX1.0.7.4.jar
d2457f45-bbb2-4eaa-a3a6-5e2bf8b5458a,784136,PMKT drftpd-2.0.4,StaticOverview:14212:784136:7099944:7078460:7093523,2020-04-28T17:01:17.000Z,xstream-1.0.jar
d2457f45-bbb2-4eaa-a3a6-5e2bf8b5458a,784136,PMKT drftpd-2.0.4,StaticOverview:14212:784136:7099944:7078460:7093523,2020-04-28T17:01:17.000Z,slave.jar
0d644552-1e8a-4460-b7c7-7044c54fdd08,784146,PMKT Webgoat.net,StaticOverview:14212:784146:7100119:7078651:7093714,2020-04-28T16:59:26.000Z,DotNetGoat.dll
0d644552-1e8a-4460-b7c7-7044c54fdd08,784146,PMKT Webgoat.net,StaticOverview:14212:784146:7100119:7078651:7093714,2020-04-28T16:59:26.000Z,JS files within WebGoat.NET.zip
ec7aaa7e-c402-4dd1-9cb5-280021fb329f,784173,PMKT Phonegap,StaticOverview:14212:784173:7100197:7078713:7093776,2020-04-28T16:58:19.000Z,JS files within output.zip
cb9042ad-7b91-4bc9-a38e-e2fa4c12da5e,784258,PMKT 0verkill,StaticOverview:14212:784258:7100825:7079357:7094420,2020-04-28T17:50:43.000Z,0verkill
cb9042ad-7b91-4bc9-a38e-e2fa4c12da5e,784258,PMKT 0verkill,StaticOverview:14212:784258:7100825:7079357:7094420,2020-04-28T17:50:43.000Z,server
cb9042ad-7b91-4bc9-a38e-e2fa4c12da5e,784258,PMKT 0verkill,StaticOverview:14212:784258:7100825:7079357:7094420,2020-04-28T17:50:43.000Z,avi
cb9042ad-7b91-4bc9-a38e-e2fa4c12da5e,784258,PMKT 0verkill,StaticOverview:14212:784258:7100825:7079357:7094420,2020-04-28T17:50:43.000Z,editor
cb9042ad-7b91-4bc9-a38e-e2fa4c12da5e,784258,PMKT 0verkill,StaticOverview:14212:784258:7100825:7079357:7094420,2020-04-28T17:50:43.000Z,bot
cb9042ad-7b91-4bc9-a38e-e2fa4c12da5e,784258,PMKT 0verkill,StaticOverview:14212:784258:7100825:7079357:7094420,2020-04-28T17:50:43.000Z,test_server
82668b4c-f419-4860-a516-f7881708031f,784276,PMKT Metamail,StaticOverview:14212:784276:7100700:7079216:7094279,2020-04-28T17:46:42.000Z,metamail.dwarf2
50da1ffe-4123-4436-9455-dfce04f6d302,816736,VeraDemo - NWS,StaticOverview:14212:816736:7446900:7424681:7439744,2020-05-27T16:04:22.000Z,verademo.war
50da1ffe-4123-4436-9455-dfce04f6d302,816736,VeraDemo - NWS,StaticOverview:14212:816736:7446900:7424681:7439744,2020-05-27T16:04:22.000Z,verademo.war_htmljscode.veracodegen.htmla.jsa
e1778fec-b850-4801-895a-2fe7c28f0cbc,834057,Veracode Jenkins Plugin Github Pipeline,StaticOverview:14212:834057:7688220:7665918:7680981,2020-06-16T12:58:06.000Z,veracode-scan.jar
e1778fec-b850-4801-895a-2fe7c28f0cbc,834057,Veracode Jenkins Plugin Github Pipeline,StaticOverview:14212:834057:7688220:7665918:7680981,2020-06-16T12:58:06.000Z,veracode-scan.jar
912b5294-3c5a-49b8-871f-60348d5c1486,874815,Veracode User Bulk Role Assign,StaticOverview:14212:874815:8584477:8561929:8577592,2020-08-19T19:10:45.000Z,Python files within output.zip
32c54e52-88fa-42ff-9df3-f1b33e183578,903825,RandomChecks,StaticOverview:14212:903825:8564957:8542410:8558073,2020-08-18T16:44:49.000Z,RandomChecks-0.1.war
7e4e2dfd-c0a1-4dab-a033-7c9a3c57fb5d,903833,kotlinsb1,StaticOverview:14212:903833:8565162:8542615:8558278,2020-08-18T16:58:43.000Z,kotlinsb1-0.0.1-SNAPSHOT.jar
95792abe-963b-44cd-993a-13b48086f746,905238,FlowBot.NET,StaticOverview:14212:905238:9479493:9454980:9470643,2020-11-02T16:42:25.000Z,FlowBlot.exe
1fe2606e-d87e-4888-b85d-213db2bc61ff,906070,Veracode Pipeline Script Template,StaticOverview:14212:906070:8612567:8590018:8605681,2020-08-21T13:57:43.000Z,output.zip_htmlpythoncode.veracodegen.htmla.pya
1210cae7-57d1-4a3f-a5ae-2a3e5a05c8ad,909103,VeraDemo - NPS,StaticOverview:14212:909103:8914080:8889746:8905409,2020-09-16T18:29:05.000Z,verademo.war
1210cae7-57d1-4a3f-a5ae-2a3e5a05c8ad,909103,VeraDemo - NPS,StaticOverview:14212:909103:8914080:8889746:8905409,2020-09-16T18:29:05.000Z,verademo.war_htmljscode.veracodegen.htmla.jsa
04b160f5-45d6-4f08-a696-b8ba60854d62,909429,VeraDemo Github Pipeline -NPW,StaticOverview:14212:909429:8986063:8961707:8977370,2020-09-22T17:08:23.000Z,verademo.war
04b160f5-45d6-4f08-a696-b8ba60854d62,909429,VeraDemo Github Pipeline -NPW,StaticOverview:14212:909429:8986063:8961707:8977370,2020-09-22T17:08:23.000Z,verademo.war_htmljscode.veracodegen.htmla.jsa
a8d8ef37-c8ea-443e-80c5-942698681577,947806,veracode-api-py,StaticOverview:14212:947806:9454128:9430016:9445679,2020-10-30T17:37:05.000Z,output.zip_htmlpythoncode.veracodegen.htmla.pya
0096291a-739b-4be1-845a-0958d1cea293,953403,veracode-api-py 2,StaticOverview:14212:953403:9059034:9034543:9050206,2020-09-28T19:59:39.000Z,output.zip_htmlpythoncode.veracodegen.htmla.pya
e429215e-d199-407f-91eb-854b97956083,953408,FSNotes,StaticOverview:14212:953408:9059038:9034547:9050210,2020-09-28T20:06:54.000Z,Archive-with-podfile.bca
7dbc4272-386e-41e2-bc60-19f979b1f8dd,954931,veracode-archer,StaticOverview:14212:954931:9369156:9344649:9360312,2020-10-23T15:34:19.000Z,project.zip_htmlpythoncode.veracodegen.htmla.pya
c51eaa1f-828c-4cc8-bfb3-c7b38e0fe3ab,955387,veracode-mitigation-copier,StaticOverview:14212:955387:9404082:9379573:9395236,2020-10-27T12:52:07.000Z,project.zip_htmlpythoncode.veracodegen.htmla.pya
9568f46c-00bd-4dc7-8083-c71abd62572c,967091,JavaScans-1,StaticOverview:14212:967091:9938774:9914169:9929832,2020-12-08T14:47:23.000Z,javascans.jar
febdc7fc-710b-49ce-b280-f2504efd601a,967092,Crates-1,StaticOverview:14212:967092:9938776:9914171:9929834,2020-12-08T14:48:56.000Z,App_Web__layout.cshtml.639c3968.dll
a8390957-8bb1-4115-8f2c-d8dc3f4f12b9,967093,WackoPicko-1,StaticOverview:14212:967093:9938778:9914173:9929836,2020-12-08T14:50:16.000Z,PHP files within WackoPicko-master.zip
a8390957-8bb1-4115-8f2c-d8dc3f4f12b9,967093,WackoPicko-1,StaticOverview:14212:967093:9938778:9914173:9929836,2020-12-08T14:50:16.000Z,PlSql files within WackoPicko-master.zip
a8390957-8bb1-4115-8f2c-d8dc3f4f12b9,967093,WackoPicko-1,StaticOverview:14212:967093:9938778:9914173:9929836,2020-12-08T14:50:16.000Z,WackoPicko-master.zip_htmljscode.veracodegen.htmla.jsa
640b8b6e-97d6-402e-ab61-8875241559be,967094,Wavsep-1,StaticOverview:14212:967094:9938780:9914175:9929838,2020-12-08T16:42:47.000Z,wavsep.war
640b8b6e-97d6-402e-ab61-8875241559be,967094,Wavsep-1,StaticOverview:14212:967094:9938780:9914175:9929838,2020-12-08T16:42:47.000Z,wavsep.war_htmljscode.veracodegen.htmla.jsa
8b4594ff-69e2-483d-bdbc-f457c1970065,967095,10kflaws-1,StaticOverview:14212:967095:9938790:9914185:9929848,2020-12-08T15:08:19.000Z,10kflaws.jar
3a2f4b02-33d1-4975-84e4-098f1d5b5737,967096,aspex1-1,StaticOverview:14212:967096:9938792:9914187:9929850,2020-12-08T14:47:30.000Z,ASP files within aspex1-master.zip
e1e64940-b37d-4e12-99d2-faa7e59e5020,967098,sample_asp-1,StaticOverview:14212:967098:9938795:9914190:9929853,2020-12-08T14:48:23.000Z,sample_asp.zip_htmljscode.veracodegen.htmla.jsa
1b376788-d63c-4a2a-b292-c6607785ecf9,967099,Samples-1,StaticOverview:14212:967099:9938799:9914194:9929857,2020-12-08T14:47:26.000Z,Samples.war
df846587-7c43-49ea-945a-d350b4991035,967100,SwiffChartJSPSamples-1,StaticOverview:14212:967100:9938801:9914196:9929859,2020-12-08T14:50:55.000Z,SwiffChartJSPSamples.ear
4eab25b3-5597-4b57-9ba1-d57e01ab0b7d,967101,US1492-1,StaticOverview:14212:967101:9938804:9914199:9929862,2020-12-08T14:48:33.000Z,US1492.ear
4eab25b3-5597-4b57-9ba1-d57e01ab0b7d,967101,US1492-1,StaticOverview:14212:967101:9938804:9914199:9929862,2020-12-08T14:48:33.000Z,US1492.ear_htmljscode.veracodegen.htmla.jsa
b7d5f48c-2868-4716-9ae9-0003581f02ff,967102,WebGoat5-1,StaticOverview:14212:967102:9938806:9914201:9929864,2020-12-08T14:48:44.000Z,WebGoat-5.0.war
b7d5f48c-2868-4716-9ae9-0003581f02ff,967102,WebGoat5-1,StaticOverview:14212:967102:9938806:9914201:9929864,2020-12-08T14:48:44.000Z,WebGoat-5.0.war_htmljscode.veracodegen.htmla.jsa
60208824-2888-4234-828f-dda61846aeae,967103,JuiceShop-1,StaticOverview:14212:967103:9938811:9914206:9929869,2020-12-08T14:59:14.000Z,juice-shop.zip_htmljscode.veracodegen.htmla.jsa
60208824-2888-4234-828f-dda61846aeae,967103,JuiceShop-1,StaticOverview:14212:967103:9938811:9914206:9929869,2020-12-08T14:59:14.000Z,juice-shop.zip_htmlpythoncode.veracodegen.htmla.pya
52e80c6c-5968-495b-a3df-e1d9c852c6b5,967105,AltoroMutual-1,StaticOverview:14212:967105:9938819:9914214:9929877,2020-12-08T15:25:44.000Z,altoromutual.war
52e80c6c-5968-495b-a3df-e1d9c852c6b5,967105,AltoroMutual-1,StaticOverview:14212:967105:9938819:9914214:9929877,2020-12-08T15:25:44.000Z,altoromutual.war_htmljscode.veracodegen.htmla.jsa
52e80c6c-5968-495b-a3df-e1d9c852c6b5,967105,AltoroMutual-1,StaticOverview:14212:967105:9938819:9914214:9929877,2020-12-08T15:25:44.000Z,altoromutual_nodemodule_prop-types.jsa
52e80c6c-5968-495b-a3df-e1d9c852c6b5,967105,AltoroMutual-1,StaticOverview:14212:967105:9938819:9914214:9929877,2020-12-08T15:25:44.000Z,altoromutual_mapfile_swagger-ui-bundle.js.map.jsa
52e80c6c-5968-495b-a3df-e1d9c852c6b5,967105,AltoroMutual-1,StaticOverview:14212:967105:9938819:9914214:9929877,2020-12-08T15:25:44.000Z,altoromutual_nodemodule_react-dom.jsa
52e80c6c-5968-495b-a3df-e1d9c852c6b5,967105,AltoroMutual-1,StaticOverview:14212:967105:9938819:9914214:9929877,2020-12-08T15:25:44.000Z,altoromutual_nodemodule_url-parse.jsa
52e80c6c-5968-495b-a3df-e1d9c852c6b5,967105,AltoroMutual-1,StaticOverview:14212:967105:9938819:9914214:9929877,2020-12-08T15:25:44.000Z,altoromutual_nodemodule_invariant.jsa
52e80c6c-5968-495b-a3df-e1d9c852c6b5,967105,AltoroMutual-1,StaticOverview:14212:967105:9938819:9914214:9929877,2020-12-08T15:25:44.000Z,altoromutual_nodemodule_deep-equal.jsa
52e80c6c-5968-495b-a3df-e1d9c852c6b5,967105,AltoroMutual-1,StaticOverview:14212:967105:9938819:9914214:9929877,2020-12-08T15:25:44.000Z,altoromutual_nodemodule_stream-browserify.jsa
52e80c6c-5968-495b-a3df-e1d9c852c6b5,967105,AltoroMutual-1,StaticOverview:14212:967105:9938819:9914214:9929877,2020-12-08T15:25:44.000Z,altoromutual_nodemodule_setimmediate.jsa
52e80c6c-5968-495b-a3df-e1d9c852c6b5,967105,AltoroMutual-1,StaticOverview:14212:967105:9938819:9914214:9929877,2020-12-08T15:25:44.000Z,altoromutual_nodemodule_classnames.jsa
52e80c6c-5968-495b-a3df-e1d9c852c6b5,967105,AltoroMutual-1,StaticOverview:14212:967105:9938819:9914214:9929877,2020-12-08T15:25:44.000Z,altoromutual_nodemodule_reselect.jsa
52e80c6c-5968-495b-a3df-e1d9c852c6b5,967105,AltoroMutual-1,StaticOverview:14212:967105:9938819:9914214:9929877,2020-12-08T15:25:44.000Z,altoromutual_nodemodule_querystring-browser.jsa
52e80c6c-5968-495b-a3df-e1d9c852c6b5,967105,AltoroMutual-1,StaticOverview:14212:967105:9938819:9914214:9929877,2020-12-08T15:25:44.000Z,altoromutual_nodemodule_fbjs.jsa
52e80c6c-5968-495b-a3df-e1d9c852c6b5,967105,AltoroMutual-1,StaticOverview:14212:967105:9938819:9914214:9929877,2020-12-08T15:25:44.000Z,altoromutual_nodemodule_querystring-es3.jsa
52e80c6c-5968-495b-a3df-e1d9c852c6b5,967105,AltoroMutual-1,StaticOverview:14212:967105:9938819:9914214:9929877,2020-12-08T15:25:44.000Z,altoromutual_nodemodule_object-assign.jsa
52e80c6c-5968-495b-a3df-e1d9c852c6b5,967105,AltoroMutual-1,StaticOverview:14212:967105:9938819:9914214:9929877,2020-12-08T15:25:44.000Z,altoromutual_nodemodule_deep-extend.jsa
52e80c6c-5968-495b-a3df-e1d9c852c6b5,967105,AltoroMutual-1,StaticOverview:14212:967105:9938819:9914214:9929877,2020-12-08T15:25:44.000Z,altoromutual_nodemodule_timers-browserify.jsa
52e80c6c-5968-495b-a3df-e1d9c852c6b5,967105,AltoroMutual-1,StaticOverview:14212:967105:9938819:9914214:9929877,2020-12-08T15:25:44.000Z,altoromutual_nodemodule_qs.jsa
52e80c6c-5968-495b-a3df-e1d9c852c6b5,967105,AltoroMutual-1,StaticOverview:14212:967105:9938819:9914214:9929877,2020-12-08T15:25:44.000Z,altoromutual_mapfile_swagger-ui.js.map.jsa
52e80c6c-5968-495b-a3df-e1d9c852c6b5,967105,AltoroMutual-1,StaticOverview:14212:967105:9938819:9914214:9929877,2020-12-08T15:25:44.000Z,altoromutual_nodemodule_@kyleshockey.jsa
52e80c6c-5968-495b-a3df-e1d9c852c6b5,967105,AltoroMutual-1,StaticOverview:14212:967105:9938819:9914214:9929877,2020-12-08T15:25:44.000Z,altoromutual_nodemodule_isarray.jsa
52e80c6c-5968-495b-a3df-e1d9c852c6b5,967105,AltoroMutual-1,StaticOverview:14212:967105:9938819:9914214:9929877,2020-12-08T15:25:44.000Z,altoromutual_nodemodule_d.jsa
52e80c6c-5968-495b-a3df-e1d9c852c6b5,967105,AltoroMutual-1,StaticOverview:14212:967105:9938819:9914214:9929877,2020-12-08T15:25:44.000Z,altoromutual_nodemodule_es6-symbol.jsa
52e80c6c-5968-495b-a3df-e1d9c852c6b5,967105,AltoroMutual-1,StaticOverview:14212:967105:9938819:9914214:9929877,2020-12-08T15:25:44.000Z,altoromutual_nodemodule_string_decoder.jsa
52e80c6c-5968-495b-a3df-e1d9c852c6b5,967105,AltoroMutual-1,StaticOverview:14212:967105:9938819:9914214:9929877,2020-12-08T15:25:44.000Z,altoromutual_nodemodule_zenscroll.jsa
52e80c6c-5968-495b-a3df-e1d9c852c6b5,967105,AltoroMutual-1,StaticOverview:14212:967105:9938819:9914214:9929877,2020-12-08T15:25:44.000Z,altoromutual_nodemodule_babel-runtime.jsa
52e80c6c-5968-495b-a3df-e1d9c852c6b5,967105,AltoroMutual-1,StaticOverview:14212:967105:9938819:9914214:9929877,2020-12-08T15:25:44.000Z,altoromutual_nodemodule_events.jsa
52e80c6c-5968-495b-a3df-e1d9c852c6b5,967105,AltoroMutual-1,StaticOverview:14212:967105:9938819:9914214:9929877,2020-12-08T15:25:44.000Z,altoromutual_nodemodule_memoizee.jsa
52e80c6c-5968-495b-a3df-e1d9c852c6b5,967105,AltoroMutual-1,StaticOverview:14212:967105:9938819:9914214:9929877,2020-12-08T15:25:44.000Z,altoromutual_nodemodule_fast-json-patch.jsa
52e80c6c-5968-495b-a3df-e1d9c852c6b5,967105,AltoroMutual-1,StaticOverview:14212:967105:9938819:9914214:9929877,2020-12-08T15:25:44.000Z,altoromutual_nodemodule_safe-buffer.jsa
52e80c6c-5968-495b-a3df-e1d9c852c6b5,967105,AltoroMutual-1,StaticOverview:14212:967105:9938819:9914214:9929877,2020-12-08T15:25:44.000Z,altoromutual_nodemodule_event-emitter.jsa
52e80c6c-5968-495b-a3df-e1d9c852c6b5,967105,AltoroMutual-1,StaticOverview:14212:967105:9938819:9914214:9929877,2020-12-08T15:25:44.000Z,altoromutual_nodemodule_react-immutable-proptypes.jsa
52e80c6c-5968-495b-a3df-e1d9c852c6b5,967105,AltoroMutual-1,StaticOverview:14212:967105:9938819:9914214:9929877,2020-12-08T15:25:44.000Z,altoromutual_nodemodule_serialize-error.jsa
52e80c6c-5968-495b-a3df-e1d9c852c6b5,967105,AltoroMutual-1,StaticOverview:14212:967105:9938819:9914214:9929877,2020-12-08T15:25:44.000Z,altoromutual_nodemodule_xml-but-prettier.jsa
52e80c6c-5968-495b-a3df-e1d9c852c6b5,967105,AltoroMutual-1,StaticOverview:14212:967105:9938819:9914214:9929877,2020-12-08T15:25:44.000Z,altoromutual_nodemodule_react-debounce-input.jsa
52e80c6c-5968-495b-a3df-e1d9c852c6b5,967105,AltoroMutual-1,StaticOverview:14212:967105:9938819:9914214:9929877,2020-12-08T15:25:44.000Z,altoromutual_nodemodule_is-promise.jsa
52e80c6c-5968-495b-a3df-e1d9c852c6b5,967105,AltoroMutual-1,StaticOverview:14212:967105:9938819:9914214:9929877,2020-12-08T15:25:44.000Z,altoromutual_nodemodule_redux.jsa
52e80c6c-5968-495b-a3df-e1d9c852c6b5,967105,AltoroMutual-1,StaticOverview:14212:967105:9938819:9914214:9929877,2020-12-08T15:25:44.000Z,altoromutual_nodemodule_lodash.debounce.jsa
52e80c6c-5968-495b-a3df-e1d9c852c6b5,967105,AltoroMutual-1,StaticOverview:14212:967105:9938819:9914214:9929877,2020-12-08T15:25:44.000Z,altoromutual_nodemodule_lodash.jsa
52e80c6c-5968-495b-a3df-e1d9c852c6b5,967105,AltoroMutual-1,StaticOverview:14212:967105:9938819:9914214:9929877,2020-12-08T15:25:44.000Z,altoromutual_nodemodule_process.jsa
52e80c6c-5968-495b-a3df-e1d9c852c6b5,967105,AltoroMutual-1,StaticOverview:14212:967105:9938819:9914214:9929877,2020-12-08T15:25:44.000Z,altoromutual_nodemodule_next-tick.jsa
52e80c6c-5968-495b-a3df-e1d9c852c6b5,967105,AltoroMutual-1,StaticOverview:14212:967105:9938819:9914214:9929877,2020-12-08T15:25:44.000Z,altoromutual_nodemodule_swagger-client.jsa
52e80c6c-5968-495b-a3df-e1d9c852c6b5,967105,AltoroMutual-1,StaticOverview:14212:967105:9938819:9914214:9929877,2020-12-08T15:25:44.000Z,altoromutual_nodemodule_isomorphic-form-data.jsa
52e80c6c-5968-495b-a3df-e1d9c852c6b5,967105,AltoroMutual-1,StaticOverview:14212:967105:9938819:9914214:9929877,2020-12-08T15:25:44.000Z,altoromutual_nodemodule_requires-port.jsa
52e80c6c-5968-495b-a3df-e1d9c852c6b5,967105,AltoroMutual-1,StaticOverview:14212:967105:9938819:9914214:9929877,2020-12-08T15:25:44.000Z,altoromutual_nodemodule_dompurify.jsa
52e80c6c-5968-495b-a3df-e1d9c852c6b5,967105,AltoroMutual-1,StaticOverview:14212:967105:9938819:9914214:9929877,2020-12-08T15:25:44.000Z,altoromutual_nodemodule_cookie.jsa
52e80c6c-5968-495b-a3df-e1d9c852c6b5,967105,AltoroMutual-1,StaticOverview:14212:967105:9938819:9914214:9929877,2020-12-08T15:25:44.000Z,altoromutual_nodemodule_base64-js.jsa
52e80c6c-5968-495b-a3df-e1d9c852c6b5,967105,AltoroMutual-1,StaticOverview:14212:967105:9938819:9914214:9929877,2020-12-08T15:25:44.000Z,altoromutual_nodemodule_remarkable.jsa
52e80c6c-5968-495b-a3df-e1d9c852c6b5,967105,AltoroMutual-1,StaticOverview:14212:967105:9938819:9914214:9929877,2020-12-08T15:25:44.000Z,altoromutual_nodemodule_immutable.jsa
52e80c6c-5968-495b-a3df-e1d9c852c6b5,967105,AltoroMutual-1,StaticOverview:14212:967105:9938819:9914214:9929877,2020-12-08T15:25:44.000Z,altoromutual_nodemodule_xml.jsa
52e80c6c-5968-495b-a3df-e1d9c852c6b5,967105,AltoroMutual-1,StaticOverview:14212:967105:9938819:9914214:9929877,2020-12-08T15:25:44.000Z,altoromutual_nodemodule_url.jsa
52e80c6c-5968-495b-a3df-e1d9c852c6b5,967105,AltoroMutual-1,StaticOverview:14212:967105:9938819:9914214:9929877,2020-12-08T15:25:44.000Z,altoromutual_mapfile_swagger-ui-standalone-preset.js.map.jsa
52e80c6c-5968-495b-a3df-e1d9c852c6b5,967105,AltoroMutual-1,StaticOverview:14212:967105:9938819:9914214:9929877,2020-12-08T15:25:44.000Z,altoromutual_nodemodule_regenerator-runtime.jsa
52e80c6c-5968-495b-a3df-e1d9c852c6b5,967105,AltoroMutual-1,StaticOverview:14212:967105:9938819:9914214:9929877,2020-12-08T15:25:44.000Z,altoromutual_nodemodule_readable-stream.jsa
52e80c6c-5968-495b-a3df-e1d9c852c6b5,967105,AltoroMutual-1,StaticOverview:14212:967105:9938819:9914214:9929877,2020-12-08T15:25:44.000Z,altoromutual_nodemodule_util-deprecate.jsa
52e80c6c-5968-495b-a3df-e1d9c852c6b5,967105,AltoroMutual-1,StaticOverview:14212:967105:9938819:9914214:9929877,2020-12-08T15:25:44.000Z,altoromutual_nodemodule_core-util-is.jsa
52e80c6c-5968-495b-a3df-e1d9c852c6b5,967105,AltoroMutual-1,StaticOverview:14212:967105:9938819:9914214:9929877,2020-12-08T15:25:44.000Z,altoromutual_nodemodule_querystringify.jsa
52e80c6c-5968-495b-a3df-e1d9c852c6b5,967105,AltoroMutual-1,StaticOverview:14212:967105:9938819:9914214:9929877,2020-12-08T15:25:44.000Z,altoromutual_nodemodule_@braintree.jsa
52e80c6c-5968-495b-a3df-e1d9c852c6b5,967105,AltoroMutual-1,StaticOverview:14212:967105:9938819:9914214:9929877,2020-12-08T15:25:44.000Z,altoromutual_nodemodule_redux-immutable.jsa
52e80c6c-5968-495b-a3df-e1d9c852c6b5,967105,AltoroMutual-1,StaticOverview:14212:967105:9938819:9914214:9929877,2020-12-08T15:25:44.000Z,altoromutual_nodemodule_utfstring.jsa
52e80c6c-5968-495b-a3df-e1d9c852c6b5,967105,AltoroMutual-1,StaticOverview:14212:967105:9938819:9914214:9929877,2020-12-08T15:25:44.000Z,altoromutual_nodemodule_encode-3986.jsa
52e80c6c-5968-495b-a3df-e1d9c852c6b5,967105,AltoroMutual-1,StaticOverview:14212:967105:9938819:9914214:9929877,2020-12-08T15:25:44.000Z,altoromutual_nodemodule_symbol-observable.jsa
52e80c6c-5968-495b-a3df-e1d9c852c6b5,967105,AltoroMutual-1,StaticOverview:14212:967105:9938819:9914214:9929877,2020-12-08T15:25:44.000Z,altoromutual_nodemodule_utf8-bytes.jsa
52e80c6c-5968-495b-a3df-e1d9c852c6b5,967105,AltoroMutual-1,StaticOverview:14212:967105:9938819:9914214:9929877,2020-12-08T15:25:44.000Z,altoromutual_nodemodule_core-js.jsa
52e80c6c-5968-495b-a3df-e1d9c852c6b5,967105,AltoroMutual-1,StaticOverview:14212:967105:9938819:9914214:9929877,2020-12-08T15:25:44.000Z,altoromutual_nodemodule_btoa.jsa
52e80c6c-5968-495b-a3df-e1d9c852c6b5,967105,AltoroMutual-1,StaticOverview:14212:967105:9938819:9914214:9929877,2020-12-08T15:25:44.000Z,altoromutual_nodemodule_create-react-class.jsa
52e80c6c-5968-495b-a3df-e1d9c852c6b5,967105,AltoroMutual-1,StaticOverview:14212:967105:9938819:9914214:9929877,2020-12-08T15:25:44.000Z,altoromutual_nodemodule_buffer.jsa
52e80c6c-5968-495b-a3df-e1d9c852c6b5,967105,AltoroMutual-1,StaticOverview:14212:967105:9938819:9914214:9929877,2020-12-08T15:25:44.000Z,altoromutual_nodemodule_hoist-non-react-statics.jsa
52e80c6c-5968-495b-a3df-e1d9c852c6b5,967105,AltoroMutual-1,StaticOverview:14212:967105:9938819:9914214:9929877,2020-12-08T15:25:44.000Z,altoromutual_nodemodule_react-redux.jsa
52e80c6c-5968-495b-a3df-e1d9c852c6b5,967105,AltoroMutual-1,StaticOverview:14212:967105:9938819:9914214:9929877,2020-12-08T15:25:44.000Z,altoromutual_nodemodule_punycode.jsa
52e80c6c-5968-495b-a3df-e1d9c852c6b5,967105,AltoroMutual-1,StaticOverview:14212:967105:9938819:9914214:9929877,2020-12-08T15:25:44.000Z,altoromutual_nodemodule_inherits.jsa
52e80c6c-5968-495b-a3df-e1d9c852c6b5,967105,AltoroMutual-1,StaticOverview:14212:967105:9938819:9914214:9929877,2020-12-08T15:25:44.000Z,altoromutual_nodemodule_lodash-es.jsa
52e80c6c-5968-495b-a3df-e1d9c852c6b5,967105,AltoroMutual-1,StaticOverview:14212:967105:9938819:9914214:9929877,2020-12-08T15:25:44.000Z,altoromutual_nodemodule_ieee754.jsa
52e80c6c-5968-495b-a3df-e1d9c852c6b5,967105,AltoroMutual-1,StaticOverview:14212:967105:9938819:9914214:9929877,2020-12-08T15:25:44.000Z,altoromutual_nodemodule_process-nextick-args.jsa
52e80c6c-5968-495b-a3df-e1d9c852c6b5,967105,AltoroMutual-1,StaticOverview:14212:967105:9938819:9914214:9929877,2020-12-08T15:25:44.000Z,altoromutual_nodemodule_react.jsa
52e80c6c-5968-495b-a3df-e1d9c852c6b5,967105,AltoroMutual-1,StaticOverview:14212:967105:9938819:9914214:9929877,2020-12-08T15:25:44.000Z,altoromutual_nodemodule_es5-ext.jsa
52e80c6c-5968-495b-a3df-e1d9c852c6b5,967105,AltoroMutual-1,StaticOverview:14212:967105:9938819:9914214:9929877,2020-12-08T15:25:44.000Z,altoromutual_nodemodule_autolinker.jsa
52e80c6c-5968-495b-a3df-e1d9c852c6b5,967105,AltoroMutual-1,StaticOverview:14212:967105:9938819:9914214:9929877,2020-12-08T15:25:44.000Z,altoromutual_nodemodule_react-immutable-pure-component.jsa
52e80c6c-5968-495b-a3df-e1d9c852c6b5,967105,AltoroMutual-1,StaticOverview:14212:967105:9938819:9914214:9929877,2020-12-08T15:25:44.000Z,altoromutual_nodemodule_lru-queue.jsa
52e80c6c-5968-495b-a3df-e1d9c852c6b5,967105,AltoroMutual-1,StaticOverview:14212:967105:9938819:9914214:9929877,2020-12-08T15:25:44.000Z,altoromutual_nodemodule_cross-fetch.jsa
52e80c6c-5968-495b-a3df-e1d9c852c6b5,967105,AltoroMutual-1,StaticOverview:14212:967105:9938819:9914214:9929877,2020-12-08T15:25:44.000Z,altoromutual_nodemodule_js-file-download.jsa
52e80c6c-5968-495b-a3df-e1d9c852c6b5,967105,AltoroMutual-1,StaticOverview:14212:967105:9938819:9914214:9929877,2020-12-08T15:25:44.000Z,altoromutual_nodemodule_timers-ext.jsa
52e80c6c-5968-495b-a3df-e1d9c852c6b5,967105,AltoroMutual-1,StaticOverview:14212:967105:9938819:9914214:9929877,2020-12-08T15:25:44.000Z,altoromutual_nodemodule_css.escape.jsa
52e80c6c-5968-495b-a3df-e1d9c852c6b5,967105,AltoroMutual-1,StaticOverview:14212:967105:9938819:9914214:9929877,2020-12-08T15:25:44.000Z,altoromutual_nodemodule_repeat-string.jsa
29fe3882-a150-4856-a38f-55daf7fea709,967107,BodgeIt-1,StaticOverview:14212:967107:9938821:9914216:9929879,2020-12-08T14:48:09.000Z,bodgeit.war
29fe3882-a150-4856-a38f-55daf7fea709,967107,BodgeIt-1,StaticOverview:14212:967107:9938821:9914216:9929879,2020-12-08T14:48:09.000Z,bodgeit.war_htmljscode.veracodegen.htmla.jsa
6a124587-167f-4956-aef5-12d9a0e61ed5,967108,CloudGoat-1,StaticOverview:14212:967108:9938823:9914218:9929881,2020-12-08T14:48:26.000Z,cloudgoat.zip_htmljscode.veracodegen.htmla.jsa
6a124587-167f-4956-aef5-12d9a0e61ed5,967108,CloudGoat-1,StaticOverview:14212:967108:9938823:9914218:9929881,2020-12-08T14:48:26.000Z,cloudgoat.zip_htmlpythoncode.veracodegen.htmla.pya
0dd10ec4-0e90-4a59-bc61-df530fc31996,967109,DSVW-1,StaticOverview:14212:967109:9938825:9914220:9929883,2020-12-08T14:48:32.000Z,dsvw.zip_htmlpythoncode.veracodegen.htmla.pya
02c1b6fe-4b5d-4242-ad42-f6f7a2ac750b,967111,DVNA-1,StaticOverview:14212:967111:9938827:9914222:9929885,2020-12-08T15:04:52.000Z,dvna.zip_htmljscode.veracodegen.htmla.jsa
02c1b6fe-4b5d-4242-ad42-f6f7a2ac750b,967111,DVNA-1,StaticOverview:14212:967111:9938827:9914222:9929885,2020-12-08T15:04:52.000Z,dvna_nodemodule_type-is.jsa
02c1b6fe-4b5d-4242-ad42-f6f7a2ac750b,967111,DVNA-1,StaticOverview:14212:967111:9938827:9914222:9929885,2020-12-08T15:04:52.000Z,dvna_nodemodule_mime-db.jsa
02c1b6fe-4b5d-4242-ad42-f6f7a2ac750b,967111,DVNA-1,StaticOverview:14212:967111:9938827:9914222:9929885,2020-12-08T15:04:52.000Z,dvna_nodemodule_mime.jsa
02c1b6fe-4b5d-4242-ad42-f6f7a2ac750b,967111,DVNA-1,StaticOverview:14212:967111:9938827:9914222:9929885,2020-12-08T15:04:52.000Z,dvna_nodemodule_unpipe.jsa
02c1b6fe-4b5d-4242-ad42-f6f7a2ac750b,967111,DVNA-1,StaticOverview:14212:967111:9938827:9914222:9929885,2020-12-08T15:04:52.000Z,dvna_nodemodule_accepts.jsa
02c1b6fe-4b5d-4242-ad42-f6f7a2ac750b,967111,DVNA-1,StaticOverview:14212:967111:9938827:9914222:9929885,2020-12-08T15:04:52.000Z,dvna_nodemodule_fresh.jsa
02c1b6fe-4b5d-4242-ad42-f6f7a2ac750b,967111,DVNA-1,StaticOverview:14212:967111:9938827:9914222:9929885,2020-12-08T15:04:52.000Z,dvna_nodemodule_http-errors.jsa
02c1b6fe-4b5d-4242-ad42-f6f7a2ac750b,967111,DVNA-1,StaticOverview:14212:967111:9938827:9914222:9929885,2020-12-08T15:04:52.000Z,dvna_nodemodule_destroy.jsa
02c1b6fe-4b5d-4242-ad42-f6f7a2ac750b,967111,DVNA-1,StaticOverview:14212:967111:9938827:9914222:9929885,2020-12-08T15:04:52.000Z,dvna_nodemodule_range-parser.jsa
02c1b6fe-4b5d-4242-ad42-f6f7a2ac750b,967111,DVNA-1,StaticOverview:14212:967111:9938827:9914222:9929885,2020-12-08T15:04:52.000Z,dvna_nodemodule_statuses.jsa
02c1b6fe-4b5d-4242-ad42-f6f7a2ac750b,967111,DVNA-1,StaticOverview:14212:967111:9938827:9914222:9929885,2020-12-08T15:04:52.000Z,dvna_nodemodule_cookie-signature.jsa
02c1b6fe-4b5d-4242-ad42-f6f7a2ac750b,967111,DVNA-1,StaticOverview:14212:967111:9938827:9914222:9929885,2020-12-08T15:04:52.000Z,dvna_nodemodule_merge-descriptors.jsa
02c1b6fe-4b5d-4242-ad42-f6f7a2ac750b,967111,DVNA-1,StaticOverview:14212:967111:9938827:9914222:9929885,2020-12-08T15:04:52.000Z,dvna_nodemodule_negotiator.jsa
02c1b6fe-4b5d-4242-ad42-f6f7a2ac750b,967111,DVNA-1,StaticOverview:14212:967111:9938827:9914222:9929885,2020-12-08T15:04:52.000Z,dvna_nodemodule_send.jsa
02c1b6fe-4b5d-4242-ad42-f6f7a2ac750b,967111,DVNA-1,StaticOverview:14212:967111:9938827:9914222:9929885,2020-12-08T15:04:52.000Z,dvna_nodemodule_path-to-regexp.jsa
02c1b6fe-4b5d-4242-ad42-f6f7a2ac750b,967111,DVNA-1,StaticOverview:14212:967111:9938827:9914222:9929885,2020-12-08T15:04:52.000Z,dvna_nodemodule_media-typer.jsa
02c1b6fe-4b5d-4242-ad42-f6f7a2ac750b,967111,DVNA-1,StaticOverview:14212:967111:9938827:9914222:9929885,2020-12-08T15:04:52.000Z,dvna_nodemodule_ee-first.jsa
02c1b6fe-4b5d-4242-ad42-f6f7a2ac750b,967111,DVNA-1,StaticOverview:14212:967111:9938827:9914222:9929885,2020-12-08T15:04:52.000Z,dvna_nodemodule_depd.jsa
02c1b6fe-4b5d-4242-ad42-f6f7a2ac750b,967111,DVNA-1,StaticOverview:14212:967111:9938827:9914222:9929885,2020-12-08T15:04:52.000Z,dvna_nodemodule_forwarded.jsa
02c1b6fe-4b5d-4242-ad42-f6f7a2ac750b,967111,DVNA-1,StaticOverview:14212:967111:9938827:9914222:9929885,2020-12-08T15:04:52.000Z,dvna_nodemodule_methods.jsa
02c1b6fe-4b5d-4242-ad42-f6f7a2ac750b,967111,DVNA-1,StaticOverview:14212:967111:9938827:9914222:9929885,2020-12-08T15:04:52.000Z,dvna_nodemodule_vary.jsa
02c1b6fe-4b5d-4242-ad42-f6f7a2ac750b,967111,DVNA-1,StaticOverview:14212:967111:9938827:9914222:9929885,2020-12-08T15:04:52.000Z,dvna_nodemodule_qs.jsa
02c1b6fe-4b5d-4242-ad42-f6f7a2ac750b,967111,DVNA-1,StaticOverview:14212:967111:9938827:9914222:9929885,2020-12-08T15:04:52.000Z,dvna_nodemodule_utils-merge.jsa
02c1b6fe-4b5d-4242-ad42-f6f7a2ac750b,967111,DVNA-1,StaticOverview:14212:967111:9938827:9914222:9929885,2020-12-08T15:04:52.000Z,dvna_nodemodule_finalhandler.jsa
02c1b6fe-4b5d-4242-ad42-f6f7a2ac750b,967111,DVNA-1,StaticOverview:14212:967111:9938827:9914222:9929885,2020-12-08T15:04:52.000Z,dvna_nodemodule_array-flatten.jsa
02c1b6fe-4b5d-4242-ad42-f6f7a2ac750b,967111,DVNA-1,StaticOverview:14212:967111:9938827:9914222:9929885,2020-12-08T15:04:52.000Z,dvna_nodemodule_content-disposition.jsa
02c1b6fe-4b5d-4242-ad42-f6f7a2ac750b,967111,DVNA-1,StaticOverview:14212:967111:9938827:9914222:9929885,2020-12-08T15:04:52.000Z,dvna.zip_htmlpythoncode.veracodegen.htmla.pya
02c1b6fe-4b5d-4242-ad42-f6f7a2ac750b,967111,DVNA-1,StaticOverview:14212:967111:9938827:9914222:9929885,2020-12-08T15:04:52.000Z,dvna_nodemodule_parseurl.jsa
02c1b6fe-4b5d-4242-ad42-f6f7a2ac750b,967111,DVNA-1,StaticOverview:14212:967111:9938827:9914222:9929885,2020-12-08T15:04:52.000Z,dvna_nodemodule_debug.jsa
02c1b6fe-4b5d-4242-ad42-f6f7a2ac750b,967111,DVNA-1,StaticOverview:14212:967111:9938827:9914222:9929885,2020-12-08T15:04:52.000Z,dvna_nodemodule_mime-types.jsa
02c1b6fe-4b5d-4242-ad42-f6f7a2ac750b,967111,DVNA-1,StaticOverview:14212:967111:9938827:9914222:9929885,2020-12-08T15:04:52.000Z,dvna_nodemodule_etag.jsa
02c1b6fe-4b5d-4242-ad42-f6f7a2ac750b,967111,DVNA-1,StaticOverview:14212:967111:9938827:9914222:9929885,2020-12-08T15:04:52.000Z,dvna_nodemodule_ipaddr.js.jsa
02c1b6fe-4b5d-4242-ad42-f6f7a2ac750b,967111,DVNA-1,StaticOverview:14212:967111:9938827:9914222:9929885,2020-12-08T15:04:52.000Z,dvna_nodemodule_content-type.jsa
02c1b6fe-4b5d-4242-ad42-f6f7a2ac750b,967111,DVNA-1,StaticOverview:14212:967111:9938827:9914222:9929885,2020-12-08T15:04:52.000Z,dvna_nodemodule_serve-static.jsa
02c1b6fe-4b5d-4242-ad42-f6f7a2ac750b,967111,DVNA-1,StaticOverview:14212:967111:9938827:9914222:9929885,2020-12-08T15:04:52.000Z,dvna_nodemodule_proxy-addr.jsa
02c1b6fe-4b5d-4242-ad42-f6f7a2ac750b,967111,DVNA-1,StaticOverview:14212:967111:9938827:9914222:9929885,2020-12-08T15:04:52.000Z,dvna_nodemodule_express.jsa
02c1b6fe-4b5d-4242-ad42-f6f7a2ac750b,967111,DVNA-1,StaticOverview:14212:967111:9938827:9914222:9929885,2020-12-08T15:04:52.000Z,dvna_nodemodule_on-finished.jsa
02c1b6fe-4b5d-4242-ad42-f6f7a2ac750b,967111,DVNA-1,StaticOverview:14212:967111:9938827:9914222:9929885,2020-12-08T15:04:52.000Z,dvna_nodemodule_cookie.jsa
02c1b6fe-4b5d-4242-ad42-f6f7a2ac750b,967111,DVNA-1,StaticOverview:14212:967111:9938827:9914222:9929885,2020-12-08T15:04:52.000Z,dvna_nodemodule_ms.jsa
02c1b6fe-4b5d-4242-ad42-f6f7a2ac750b,967111,DVNA-1,StaticOverview:14212:967111:9938827:9914222:9929885,2020-12-08T15:04:52.000Z,dvna_nodemodule_inherits.jsa
02c1b6fe-4b5d-4242-ad42-f6f7a2ac750b,967111,DVNA-1,StaticOverview:14212:967111:9938827:9914222:9929885,2020-12-08T15:04:52.000Z,dvna_nodemodule_escape-html.jsa
8d53b3b0-6bb3-4e80-9198-0e2d0dac7d7e,967112,DVSA-1,StaticOverview:14212:967112:9938828:9914223:9929886,2020-12-08T14:48:53.000Z,dvsa.zip_htmljscode.veracodegen.htmla.jsa
8d53b3b0-6bb3-4e80-9198-0e2d0dac7d7e,967112,DVSA-1,StaticOverview:14212:967112:9938828:9914223:9929886,2020-12-08T14:48:53.000Z,dvsa.zip_htmlpythoncode.veracodegen.htmla.pya
057ada66-c705-4767-9e62-fd8e656cb004,967113,Marathon-1,StaticOverview:14212:967113:9938829:9914224:9929887,2020-12-08T14:49:29.000Z,marathon.war
057ada66-c705-4767-9e62-fd8e656cb004,967113,Marathon-1,StaticOverview:14212:967113:9938829:9914224:9929887,2020-12-08T14:49:29.000Z,marathon.war_htmljscode.veracodegen.htmla.jsa
a022d50c-ce84-4bc0-ae1f-85472d33a82a,967115,Vulnerable-Node-1,StaticOverview:14212:967115:9938831:9914226:9929889,2020-12-08T14:50:04.000Z,vulnerable-node.zip_htmljscode.veracodegen.htmla.jsa
902f2781-366c-4cf2-9de5-4d6630a3058f,967117,VulnerableApp-1,StaticOverview:14212:967117:9938832:9914227:9929890,2020-12-08T14:48:58.000Z,VulnerableApp-1.0.0.jar
902f2781-366c-4cf2-9de5-4d6630a3058f,967117,VulnerableApp-1,StaticOverview:14212:967117:9938832:9914227:9929890,2020-12-08T14:48:58.000Z,VulnerableApp-1.0.0.jar_htmljscode.veracodegen.htmla.jsa
22349fb6-c9c8-4f43-8274-343c94aed5d4,967119,websheep-1,StaticOverview:14212:967119:9938835:9914230:9929893,2020-12-08T14:50:05.000Z,websheep.zip_htmljscode.veracodegen.htmla.jsa
354b42a0-f042-4769-bda3-f8112edd0306,967121,DVFaaS-1,StaticOverview:14212:967121:9930973:9912786:9928449,2020-12-08T15:59:51.000Z,dvfaas.zip_htmlpythoncode.veracodegen.htmla.pya
03ac1ca1-126c-4bf9-b2a4-2cb13f431ff5,967122,DIWA-1,StaticOverview:14212:967122:9930970:9912783:9928446,2020-12-08T15:29:21.000Z,PHP files within diwa.zip
03ac1ca1-126c-4bf9-b2a4-2cb13f431ff5,967122,DIWA-1,StaticOverview:14212:967122:9930970:9912783:9928446,2020-12-08T15:29:21.000Z,diwa.zip_htmlpythoncode.veracodegen.htmla.pya
03ac1ca1-126c-4bf9-b2a4-2cb13f431ff5,967122,DIWA-1,StaticOverview:14212:967122:9930970:9912783:9928446,2020-12-08T15:29:21.000Z,diwa.zip_htmljscode.veracodegen.htmla.jsa
06f7cfd7-8748-4e74-9ddb-ff7257908cd2,967123,JWTDemo-1,StaticOverview:14212:967123:9938840:9914235:9929898,2020-12-08T14:47:33.000Z,PHP files within jwtdemo.zip
e0233e00-f0b1-4ede-abac-c914ce686268,967124,DVPWA-1,StaticOverview:14212:967124:9938841:9914236:9929899,2020-12-08T14:48:51.000Z,dvpwa.zip_htmlpythoncode.veracodegen.htmla.pya
e0233e00-f0b1-4ede-abac-c914ce686268,967124,DVPWA-1,StaticOverview:14212:967124:9938841:9914236:9929899,2020-12-08T14:48:51.000Z,dvpwa.zip_htmljscode.veracodegen.htmla.jsa
f5ce1b04-3fac-4011-93f5-7650a0d35727,967125,DVSWA-1,StaticOverview:14212:967125:9938847:9914242:9929905,2020-12-08T14:47:27.000Z,PHP files within dvswa.zip
4ca349bf-583b-4b84-a28b-31b2d86f4def,967127,DjangoGoat-1,StaticOverview:14212:967127:9938849:9914244:9929907,2020-12-08T14:52:27.000Z,djangogoat.zip_htmlpythoncode.veracodegen.htmla.pya
4ca349bf-583b-4b84-a28b-31b2d86f4def,967127,DjangoGoat-1,StaticOverview:14212:967127:9938849:9914244:9929907,2020-12-08T14:52:27.000Z,djangogoat.zip_htmljscode.veracodegen.htmla.jsa
919940b8-a7a9-4ab9-90de-a6af628c1934,967128,Mutillidae-1,StaticOverview:14212:967128:9938851:9914246:9929909,2020-12-08T15:25:18.000Z,PHP files within mutillidae.zip
919940b8-a7a9-4ab9-90de-a6af628c1934,967128,Mutillidae-1,StaticOverview:14212:967128:9938851:9914246:9929909,2020-12-08T15:25:18.000Z,mutillidae.zip_htmljscode.veracodegen.htmla.jsa
b477fb92-74b1-4061-aacc-a874b7231c4b,967129,NoSQLILab-1,StaticOverview:14212:967129:9938853:9914248:9929911,2020-12-08T14:48:47.000Z,PHP files within nosqlilab.zip
b477fb92-74b1-4061-aacc-a874b7231c4b,967129,NoSQLILab-1,StaticOverview:14212:967129:9938853:9914248:9929911,2020-12-08T14:48:47.000Z,nosqlilab.zip_htmljscode.veracodegen.htmla.jsa
6658cd2d-ebf9-41f0-8759-f8aa7c0e673c,967130,Pixi-1,StaticOverview:14212:967130:9938856:9914251:9929914,2020-12-08T14:47:37.000Z,pixi.zip_htmljscode.veracodegen.htmla.jsa
4f93cffc-8048-47be-8fe4-a1f1782fdbfc,967131,OWASPSecurityShepherd-1,StaticOverview:14212:967131:9938859:9914254:9929917,2020-12-08T14:52:20.000Z,owaspSecurityShepherd.war
4f93cffc-8048-47be-8fe4-a1f1782fdbfc,967131,OWASPSecurityShepherd-1,StaticOverview:14212:967131:9938859:9914254:9929917,2020-12-08T14:52:20.000Z,owaspSecurityShepherd.war_htmljscode.veracodegen.htmla.jsa
0c41eb60-3041-4a09-8b5e-1931d7185fc1,967132,tiredful-api-1,StaticOverview:14212:967132:9938864:9914259:9929922,2020-12-08T14:50:13.000Z,tiredful-api.zip_htmlpythoncode.veracodegen.htmla.pya
0c41eb60-3041-4a09-8b5e-1931d7185fc1,967132,tiredful-api-1,StaticOverview:14212:967132:9938864:9914259:9929922,2020-12-08T14:50:13.000Z,tiredful-api.zip_htmljscode.veracodegen.htmla.jsa
79e8f8a5-5126-44ec-9a93-641eb647645c,967133,vulnerable-otp-application-1,StaticOverview:14212:967133:9938866:9914261:9929924,2020-12-08T14:48:52.000Z,PHP files within vulnerable-otp-application.zip
edf4fd0f-51e8-42de-86c9-49dd664c59c9,967134,VulnerableSAMLApp-1,StaticOverview:14212:967134:9938867:9914262:9929925,2020-12-08T14:49:54.000Z,vulnerablesamlapp.zip_htmlpythoncode.veracodegen.htmla.pya
edf4fd0f-51e8-42de-86c9-49dd664c59c9,967134,VulnerableSAMLApp-1,StaticOverview:14212:967134:9938867:9914262:9929925,2020-12-08T14:49:54.000Z,vulnerablesamlapp.zip_htmljscode.veracodegen.htmla.jsa
edf4fd0f-51e8-42de-86c9-49dd664c59c9,967134,VulnerableSAMLApp-1,StaticOverview:14212:967134:9938867:9914262:9929925,2020-12-08T14:49:54.000Z,PHP files within vulnerablesamlapp.zip
afdba373-876c-4694-b019-806e18bfcfc8,967135,xvwa-1,StaticOverview:14212:967135:9938869:9914264:9929927,2020-12-08T14:50:37.000Z,PHP files within xvwa.zip
afdba373-876c-4694-b019-806e18bfcfc8,967135,xvwa-1,StaticOverview:14212:967135:9938869:9914264:9929927,2020-12-08T14:50:37.000Z,xvwa.zip_htmljscode.veracodegen.htmla.jsa
f93b1675-da21-4ea2-b7e2-c752d553043d,967136,dvws-node-1,StaticOverview:14212:967136:9938871:9914266:9929929,2020-12-08T14:51:09.000Z,dvws-node.zip_htmljscode.veracodegen.htmla.jsa
52de93fd-0d40-4a08-ae45-135fc3777a93,967137,twitterlike-1,StaticOverview:14212:967137:9938873:9914268:9929931,2020-12-08T14:50:36.000Z,PHP files within twitterlike.zip
52de93fd-0d40-4a08-ae45-135fc3777a93,967137,twitterlike-1,StaticOverview:14212:967137:9938873:9914268:9929931,2020-12-08T14:50:36.000Z,twitterlike.zip_htmljscode.veracodegen.htmla.jsa
723ed591-33b3-48a2-bb04-d1fdb0d1bd00,967138,vulnerable-api-1,StaticOverview:14212:967138:9938875:9914270:9929933,2020-12-08T14:49:55.000Z,vulnerable-api.zip_htmlpythoncode.veracodegen.htmla.pya
c50e40e6-a3f3-4ade-82c1-de2c4f2e86bd,970874,webgoatphp-1,StaticOverview:14212:970874:9938876:9914271:9929934,2020-12-08T14:52:26.000Z,PHP files within webgoatphp.zip
c50e40e6-a3f3-4ade-82c1-de2c4f2e86bd,970874,webgoatphp-1,StaticOverview:14212:970874:9938876:9914271:9929934,2020-12-08T14:52:26.000Z,webgoatphp.zip_htmljscode.veracodegen.htmla.jsa
b45293a8-1a64-4643-842d-c51cad64096d,970909,TicketMagpie-1,StaticOverview:14212:970909:9938861:9914256:9929919,2020-12-08T14:47:35.000Z,ticketmagpie-0.1.0.jar_htmljscode.veracodegen.htmla.jsa
e92ff36b-e2ec-49d5-b3c1-592511ce7eb0,970910,sqli-labs-1,StaticOverview:14212:970910:9938878:9914273:9929936,2020-12-08T14:50:53.000Z,PHP files within sqli-labs.zip
e92ff36b-e2ec-49d5-b3c1-592511ce7eb0,970910,sqli-labs-1,StaticOverview:14212:970910:9938878:9914273:9929936,2020-12-08T14:50:53.000Z,sqli-labs.zip_htmljscode.veracodegen.htmla.jsa
aac57686-c5a8-4edb-ae0c-46695d42bd43,970916,nodegoat-1,StaticOverview:14212:970916:9938880:9914275:9929938,2020-12-08T14:49:58.000Z,nodegoat.zip_htmljscode.veracodegen.htmla.jsa
dce0e4a0-99a9-46fc-8c22-b1351a596015,970921,hackademic-1,StaticOverview:14212:970921:9938884:9914279:9929942,2020-12-08T14:52:27.000Z,PHP files within hackademic.zip
dce0e4a0-99a9-46fc-8c22-b1351a596015,970921,hackademic-1,StaticOverview:14212:970921:9938884:9914279:9929942,2020-12-08T14:52:27.000Z,hackademic.zip_htmljscode.veracodegen.htmla.jsa
f9b1f3f0-8935-4e21-b468-ce5c32186e23,970924,dvws-1,StaticOverview:14212:970924:9938887:9914282:9929945,2020-12-08T14:50:37.000Z,PHP files within dvws.zip
f9b1f3f0-8935-4e21-b468-ce5c32186e23,970924,dvws-1,StaticOverview:14212:970924:9938887:9914282:9929945,2020-12-08T14:50:37.000Z,dvws.zip_htmljscode.veracodegen.htmla.jsa
bf9184ad-b90b-4794-9109-c708f19113c3,971568,veracode-offboard,StaticOverview:14212:971568:9748223:9723698:9739361,2020-11-23T20:06:51.000Z,project.zip_htmlpythoncode.veracodegen.htmla.pya
6b7699d7-3135-4085-8bf7-1be7261cef16,971579,veracode-workspace-auto-create,StaticOverview:14212:971579:9356617:9332311:9347974,2020-10-22T19:35:28.000Z,project.zip_htmlpythoncode.veracodegen.htmla.pya
b46a5e1a-adad-4dd0-afa2-5a9d43789b4e,972077,veracode-python-api_credentials_expiry-example,StaticOverview:14212:972077:9369119:9344612:9360275,2020-10-23T15:32:10.000Z,project.zip_htmlpythoncode.veracodegen.htmla.pya
d6bd3e19-3256-467b-a4c0-727c67453516,972085,veracode-user-bulk-role-assign,StaticOverview:14212:972085:9369515:9345208:9360871,2020-10-23T15:48:57.000Z,project.zip_htmlpythoncode.veracodegen.htmla.pya
42d3d4d4-9725-4d54-9cdf-e9843c54881f,972086,veracode-sandbox-auto-recreate,StaticOverview:14212:972086:9369959:9345452:9361115,2020-10-23T16:10:05.000Z,project.zip_htmlpythoncode.veracodegen.htmla.pya
8e4595f4-d67b-493b-9055-e289e54e72a2,974265,veracode-onboard-app,StaticOverview:14212:974265:9422890:9398381:9414044,2020-10-28T18:08:53.000Z,project.zip_htmlpythoncode.veracodegen.htmla.pya
d01a0baf-f888-4e67-85ab-4c35bc0bd4b7,980106,Cloudgoat,StaticOverview:14212:980106:9479267:9454754:9470417,2020-11-02T16:27:43.000Z,output.zip_htmlpythoncode.veracodegen.htmla.pya
ab627ef6-6776-4382-9798-833397077059,997026,verademo-python-1,StaticOverview:14212:997026:9959012:9934204:9949867,2020-12-09T19:08:16.000Z,verademo-python.zip_htmlpythoncode.veracodegen.htmla.pya
ab627ef6-6776-4382-9798-833397077059,997026,verademo-python-1,StaticOverview:14212:997026:9959012:9934204:9949867,2020-12-09T19:08:16.000Z,verademo-python.zip_htmljscode.veracodegen.htmla.jsa
072485dc-2761-482d-9649-3c373005f610,1001371,veracode-pipeline-script-template,StaticOverview:14212:1001371:9748523:9723998:9739661,2020-11-23T20:31:10.000Z,project.zip_htmlpythoncode.veracodegen.htmla.pya
287786be-2f8b-4bd3-bcb1-182a986a9bdd,1001375,veracode-to-csv,StaticOverview:14212:1001375:9748686:9724161:9739824,2020-11-23T20:45:11.000Z,project.zip_htmlpythoncode.veracodegen.htmla.pya
4c564faf-4705-4d36-abd9-9aaa30bdb4c0,1010498,VeraDemo-1,StaticOverview:14212:1010498:9938709:9914104:9929767,2020-12-08T14:39:03.000Z,verademo.war
4c564faf-4705-4d36-abd9-9aaa30bdb4c0,1010498,VeraDemo-1,StaticOverview:14212:1010498:9938709:9914104:9929767,2020-12-08T14:39:03.000Z,verademo.war_htmljscode.veracodegen.htmla.jsa
cc265adf-20c6-4d45-b2fc-04ce605d0a16,1015146,railsgoat-1,StaticOverview:14212:1015146:9938891:9914286:9929949,2020-12-08T14:51:18.000Z,veracode-railsgoat-20201207132735.rbv
91820c8c-cabe-4563-a4da-687a244b30ca,1015667,FlowBot.NET-1,StaticOverview:14212:1015667:9938715:9914110:9929773,2020-12-08T14:40:03.000Z,FlowBlot.exe
e00886ff-806a-4682-adb4-f3227741fcec,1015709,BlogEngine.NET-1,StaticOverview:14212:1015709:9938719:9914114:9929777,2020-12-08T14:42:16.000Z,App_Code.dll
763526f9-a3b7-41e5-aefb-5692c7ea47ce,1015710,Apache-1,StaticOverview:14212:1015710:9938723:9914118:9929781,2020-12-08T14:52:12.000Z,httpd
1e57bc21-e896-4cfc-812e-20fbb3a83b00,1015712,Hadoop-1,StaticOverview:14212:1015712:9938726:9914121:9929784,2020-12-08T14:42:28.000Z,hadoop-0.9.1.jar
6fd5bec9-9855-4d08-9889-4593ed88f2cd,1015713,DVWA-1,StaticOverview:14212:1015713:9938730:9914125:9929788,2020-12-08T14:47:33.000Z,PHP files within DVWA-1.0.7.zip
6fd5bec9-9855-4d08-9889-4593ed88f2cd,1015713,DVWA-1,StaticOverview:14212:1015713:9938730:9914125:9929788,2020-12-08T14:47:33.000Z,DVWA-1.0.7.zip_htmljscode.veracodegen.htmla.jsa
c0d04984-112b-44b9-a4dd-1a2db10d50fb,1015714,Galleon-1,StaticOverview:14212:1015714:9938735:9914130:9929793,2020-12-08T14:51:26.000Z,galleon-2.2.0.war_htmljscode.veracodegen.htmla.jsa
c0d04984-112b-44b9-a4dd-1a2db10d50fb,1015714,Galleon-1,StaticOverview:14212:1015714:9938735:9914130:9929793,2020-12-08T14:51:26.000Z,galleon-2.2.0.war
8b2ed564-a95a-4a9d-9a0c-292697c0ade6,1015717,HSQLdb-1,StaticOverview:14212:1015717:9938749:9914144:9929807,2020-12-08T14:48:33.000Z,hsqldb.jar
bb645504-acd5-4e3c-acd4-846e78353c26,1015718,Lunar Lander-1,StaticOverview:14212:1015718:9938757:9914152:9929815,2020-12-08T14:47:22.000Z,LunarLander.apk
ae956cd9-770b-416d-ab54-b90bd43105be,1015719,Metamail-1,StaticOverview:14212:1015719:9938762:9914157:9929820,2020-12-08T14:48:53.000Z,metamail.dwarf2
ff4dc42b-c501-4e56-bee3-bd52b5fdde9b,1015721,OpenSSH-1,StaticOverview:14212:1015721:9938765:9914160:9929823,2020-12-08T14:56:47.000Z,sshd
cbea414a-71bb-44a8-9a24-71277717b585,1015722,Roller-1,StaticOverview:14212:1015722:9938771:9914166:9929829,2020-12-08T14:51:39.000Z,roller-orig.war
cbea414a-71bb-44a8-9a24-71277717b585,1015722,Roller-1,StaticOverview:14212:1015722:9938771:9914166:9929829,2020-12-08T14:51:39.000Z,roller-orig.war_htmljscode.veracodegen.htmla.jsa
6cc723da-8e1f-4e65-a463-1466fc4c8fe8,1015724,WebGoat.NET-1,StaticOverview:14212:1015724:9938783:9914178:9929841,2020-12-08T14:48:24.000Z,App_Web_default.aspx.cdcab7d2.dll
c280c2d2-65b2-42dc-b0c7-b5d68324c1a0,1015725,xplanner-1,StaticOverview:14212:1015725:9938786:9914181:9929844,2020-12-08T14:48:59.000Z,xplanner-orig.war
c280c2d2-65b2-42dc-b0c7-b5d68324c1a0,1015725,xplanner-1,StaticOverview:14212:1015725:9938786:9914181:9929844,2020-12-08T14:48:59.000Z,xplanner-orig.war_htmljscode.veracodegen.htmla.jsa
a5bd6723-9f00-404a-a3f0-29c22230310e,1015726,Gatormail-1,StaticOverview:14212:1015726:9938789:9914184:9929847,2020-12-08T14:48:35.000Z,GatorMail.ear
a5bd6723-9f00-404a-a3f0-29c22230310e,1015726,Gatormail-1,StaticOverview:14212:1015726:9938789:9914184:9929847,2020-12-08T14:48:35.000Z,GatorMail.ear_htmljscode.veracodegen.htmla.jsa
08f9830f-895d-490d-8caa-52868bc87368,1020764,owasp-serverless-goat,StaticOverview:14212:1020764:9992529:9967913:9983576,2020-12-11T19:33:28.000Z,project.zip_htmlpythoncode.veracodegen.htmla.pya
08f9830f-895d-490d-8caa-52868bc87368,1020764,owasp-serverless-goat,StaticOverview:14212:1020764:9992529:9967913:9983576,2020-12-11T19:33:28.000Z,project.zip_htmljscode.veracodegen.htmla.jsa
cb9536f3-c48a-4031-a1c2-87be237ea629,1020914,veracode-scan-counts,StaticOverview:14212:1020914:9994310:9969494:9985157,2020-12-11T21:56:17.000Z,project.zip_htmlpythoncode.veracodegen.htmla.pya
7b9229c1-dbbd-4149-8438-307ff05733d7,1026811,Veracode OSS Github IO Page,StaticOverview:14212:1026811:10081275:10056646:10072309,2020-12-18T19:11:49.000Z,veracode.tar.gz_htmljscode.veracodegen.htmla.jsa
